Date,DO_PerSat,pH,Chla
2015-07-01,135.1243449360161,8.68,8.4
2015-07-02,119.98854872312302,8.64,7
2015-07-03,115.4189817978918,8.4,4.3
2015-07-04,119.73523947696904,8.52,4.5
2015-07-05,110.22528909290226,8.22,4.5
2015-07-06,114.45002305226566,8.33,5.1
2015-07-07,116.71371882622965,8.42,4.8
2015-07-08,117.57682878285888,8.5,4.8
2015-07-09,110.67847153087517,8.39,4
2015-07-10,118.28943553195725,8.51,4.2
2015-07-11,122.17804959613723,8.6,4.2
2015-07-12,119.7673549645874,8.54,4.1
2015-07-13,129.34625937600322,8.75,4.5
2015-07-14,139.8311311260565,9,4.6
2015-07-15,155.31536137515968,9.24,4.9
2015-07-16,139.01339294593132,9.17,5.4
2015-07-17,118.62329927032704,8.89,3.7
2015-07-18,116.56505648107841,8.52,3.4
2015-07-19,130.50756143700423,8.82,3.7
2015-07-20,138.47417575085464,8.99,4.7
2015-07-21,133.54847734593216,8.93,3.9
2015-07-22,130.07917191809997,8.93,3.9
2015-07-23,133.44337513475503,8.97,3.3
2015-07-24,140.09609437428233,9.1,3.2
2015-07-25,136.2208788354592,9.09,3.4
2015-07-26,130.36680135130098,9.06,3
2015-07-27,135.83978089543976,9.11,3.3
2015-07-28,135.64912629505366,9.1,3.2
2015-07-29,141.4173345971367,9.18,3.2
2015-07-30,120.44145567784636,9,3.6
2015-07-31,117.31741475031868,8.55,3.1
2015-08-01,122.19169043884035,8.65,2.9
2015-08-02,126.28291174220043,8.71,2.7
2015-08-03,126.44024093595536,8.74,2.8
2015-08-04,120.00946633462463,8.65,2.7
2015-08-05,139.62084660496507,8.97,2.8
2015-08-06,145.4150898826947,9.08,3.2
2015-08-07,130.93201278032427,9.05,3
2015-08-08,122.44715890736886,8.81,2.8
2015-08-09,141.3482076937568,9.1,2.8
2015-08-10,146.97792706814056,9.3,2.4
2015-08-11,137.78766063282055,9.34,2.3
2015-08-12,140.78513954340764,9.3,3.2
2015-08-13,131.85588097538727,9.18,3
2015-08-14,139.8691589228042,9.22,3.1
2015-08-15,161.28869308469754,9.43,2.4
2015-08-16,169.07350119830704,9.48,2.5
2015-08-17,170.00391266756824,9.55,2.7
2015-08-18,136.64379533780385,9.42,3.4
2015-08-19,128.67759488654164,8.9,3.3
2015-08-20,134.14287105516044,8.99,3.1
2015-08-21,145.02545330630878,9.28,2.8
2015-08-22,146.69263250555144,9.25,3.5
2015-08-23,139.11716601014416,9.2,3.2
2015-08-24,138.42603927201512,9.18,3
2015-08-25,146.29627335315308,9.28,3.2
2015-08-26,150.6215955390677,9.39,2.8
2015-08-27,162.89142174620585,9.55,2.6
2015-08-28,166.13711820713564,9.64,3.2
2015-08-29,142.43521779901775,9.48,2.5
2015-08-30,143.50227488236814,9.24,2.8
2015-08-31,157.4954179828255,9.36,2.7
2015-09-01,166.10857711396122,9.5,2.8
2015-09-02,156.83975075293932,9.58,2.9
2015-09-03,154.93058615284673,9.54,2.6
2015-09-04,158.2741711955342,9.59,2.6
2015-09-05,159.55991668846187,9.65,2.9
2015-09-06,177.84843210650868,9.76,2.6
2015-09-07,192.0987217214202,9.9,2.6
2015-09-08,195.78719279165554,9.98,2.7
2015-09-09,197.32683748553916,10.04,2.3
2015-09-10,192.7992098099433,10.12,2.2
2015-09-11,162.0085062074779,9.93,2.9
2015-09-12,135.21055991831912,9.7,2.4
2015-09-13,139.73105656145967,9.33,2.6
2015-09-14,135.68736402574044,9.16,2.7
2015-09-15,137.88926813306875,9.08,2.6
2015-09-16,145.25887996068704,9.16,2.3
2015-09-17,165.2814153567081,9.35,2.8
2015-09-18,160.3520656309212,9.31,2.7
2015-09-19,184.11417876335955,9.56,2.8
2015-09-20,189.03247517766434,9.66,2.5
2015-09-21,187.00924417314712,9.75,2.6
2015-09-22,173.63166881698731,9.72,2.9
2015-09-23,146.4820919488001,9.38,2.2
2015-09-24,159.21530560268516,9.51,3.5
2015-09-25,159.1964327667881,9.66,2.2
2015-09-26,139.57215652319752,9.43,2.4
2015-09-27,148.37787900780606,9.49,2.2
2015-09-28,153.16140302818658,9.49,2.3
2015-09-29,133.48338510835086,9.19,2.7
2015-09-30,113.46255222722061,8.71,2.8
2015-10-01,129.55135584242316,8.95,2.5
2015-10-02,132.21583909700283,9,2.9
2015-10-03,132.4298976308756,9.02,2.9
2015-10-04,135.58657336275635,9.23,2.3
2015-10-05,145.59767962701068,9.33,2.9
2015-10-06,145.29436099379942,9.25,4.6
2015-10-07,149.93646974024014,9.25,3.8
2015-10-08,145.79747028374734,9.23,3.6
2015-10-09,146.99961962952503,9.14,3.6
2015-10-10,135.2758106474422,9.05,3.5
2015-10-11,138.04626995452816,8.89,2.8
2015-10-12,139.04280743779057,8.85,3.4
2015-10-13,139.51061635066762,8.87,3.1
2015-10-14,133.8576247057582,8.78,3.2
2015-10-15,122.1557375235826,8.62,3.2
2015-10-16,124.58004538041838,8.58,3.2
2015-10-17,111.61734239826633,8.26,3.3
2015-10-18,118.32954445940955,8.41,4.1
2015-10-19,125.90846572573042,8.58,3.7
2015-10-20,123.63780171698455,8.81,3.3
2015-10-21,126.24987160022857,8.89,2.7
2015-10-22,127.64468903343081,8.91,2.8
2015-10-23,129.00146524816427,8.85,3.2
2015-10-24,124.17386432835025,8.81,2.9
2015-10-25,112.55879049499882,8.58,3
2015-10-26,116.89978054747694,8.55,3.2
2015-10-27,106.24148454359992,8.42,3
2015-10-28,107.17488522054556,8.35,2.8
2015-10-29,107.37166726854488,8.41,3.1
2015-10-30,111.72082712533107,8.5,3.2
2015-10-31,112.01732524065133,8.47,3.1
2015-11-01,105.94171879429517,8.29,3.5
2015-11-02,97.78129177435231,8.07,3.6
2015-11-03,100.83500626470301,8.22,3.5
2015-11-04,99.75228128164896,8.18,3.5
2015-11-05,101.22247137422997,8.24,3.7
2015-11-06,101.03425895734716,8.23,3.7
2015-11-07,101.6390454889712,8.21,4
2015-11-08,95.97314720762351,8.04,4.1
2015-11-09,92.08317932060199,7.94,4
2015-11-10,95.9962413084456,8.03,3.4
2015-11-11,97.37544185126956,8.07,3.7
2015-11-12,96.29636461635911,8.03,3.5
2015-11-13,94.88546951945068,7.96,4
2015-11-14,93.27349239426049,7.89,4.2
2015-11-15,94.18949977203224,7.96,6.3
2015-11-16,94.4318619381759,7.97,7
2015-11-17,92.97370499037653,7.95,6.2
2015-11-18,93.66047358600618,7.93,6.2
2015-11-19,94.63590291477941,7.92,6.8
2015-11-20,95.31732706796568,7.91,7.5
2015-11-21,100.44063373730812,7.98,9.2
2015-11-22,101.55138337786325,7.99,10.3
2015-11-23,100.85383770131375,7.98,11.8
2015-11-24,97.06510897317195,7.91,12.1
2015-11-25,97.55481013572896,8,12.4
2015-11-26,100.51005994139864,8.1,10.9
2015-11-27,100.9799271425939,8.15,12.6
2015-11-28,100.49735079856943,8.13,12
2015-11-29,100.88617425775341,8.11,10.4
2015-11-30,100.14273487227734,8.09,10.7
2015-12-01,98.81102640764938,8.04,10
2015-12-02,99.19815496898927,8.02,8.6
2015-12-03,97.49879300480065,7.96,9.5
2015-12-04,99.00324700495221,7.99,9.9
2015-12-05,97.80247902255454,7.94,10.5
2015-12-06,98.5833794317101,7.92,12.5
2015-12-07,98.884726981029,7.9,11.7
2015-12-08,97.51812147311966,7.85,13.1
2015-12-09,98.55582056941121,7.87,13
2015-12-10,98.7623275726906,7.94,13.1
2015-12-11,99.11826489169886,7.88,11.6
2015-12-12,99.2204810686607,7.78,10.3
2015-12-13,95.92896777456944,7.73,14.9
2015-12-14,95.27232016302496,7.83,14.8
2015-12-15,96.34636875787365,7.94,12.4
2015-12-16,95.37097336541066,7.9,11.4
2015-12-17,94.06408995781823,7.84,8.4
2015-12-18,95.00503897795069,7.86,8.5
2015-12-19,94.8622700654999,7.83,8.7
2015-12-20,93.51104451557578,7.81,8.5
2015-12-21,95.13905650982872,7.87,10.2
2015-12-22,96.05849512499026,7.89,9
2015-12-23,96.1861725470666,7.91,8.4
2015-12-24,94.71584881409586,7.88,9.1
2015-12-25,94.19677614467385,7.88,8.2
2015-12-26,93.83194497261015,7.86,6
2015-12-27,92.33424036129432,7.78,6.8
2015-12-28,90.72241707470621,7.74,5.3
2015-12-29,89.27450588011841,7.69,4.4
2015-12-30,88.23431659816137,7.66,4.1
2015-12-31,87.55073229057581,7.62,4.2
2016-01-01,86.04555592033365,7.62,3.9
2016-01-02,85.93136496977668,7.6,4
2016-01-03,85.42420108376905,7.59,4.2
2016-01-04,85.95054863838374,7.58,3.9
2016-01-05,91.57866386240408,7.72,4.1
2016-01-06,93.27724488082734,7.77,8.1
2016-01-07,91.71242257251605,7.73,5.2
2016-01-08,88.61593271448281,7.65,4.3
2016-01-09,91.92081940256145,7.72,4
2016-01-10,90.47552234205592,7.66,4
2016-01-11,89.28728543683978,7.61,4.3
2016-01-12,89.02096267406043,7.65,6.9
2016-01-13,92.46575754614804,7.75,8
2016-01-14,91.20648932462359,7.73,5.7
2016-01-15,90.97430659623072,7.72,5.5
2016-01-16,91.75166016031866,7.73,6.1
2016-01-17,91.9553737575478,7.73,5.9
2016-01-18,92.25475598131383,7.73,5.4
2016-01-19,93.65527902710197,7.73,12.2
2016-01-20,91.61578566573641,7.71,6.9
2016-01-21,89.65309822699804,7.63,5.9
2016-01-22,90.0547345929729,7.64,5.8
2016-01-23,91.09623912998828,7.68,6.1
2016-01-24,91.4350037796413,7.69,6.3
2016-01-25,89.69963000397638,7.65,6.5
2016-01-26,87.06528302502645,7.57,6.6
2016-01-27,84.0873838849071,7.5,6.4
2016-01-28,82.12294529907052,7.46,7.1
2016-01-29,84.85271687787375,7.49,6.8
2016-01-30,89.0826289799326,7.56,7.2
2016-01-31,91.40424548998276,7.62,8.7
2016-02-01,94.39018208971804,7.74,11.6
2016-02-02,93.30383073293571,7.73,7.9
2016-02-03,89.76213722468181,7.62,7.6
2016-02-04,88.16387133111007,7.55,6.7
2016-02-05,86.28297502127683,7.55,6.7
2016-02-06,86.00036075589045,7.49,7.5
2016-02-07,85.61974157161305,7.45,6.6
2016-02-08,84.87524036236172,7.41,6.9
2016-02-09,85.93143914639853,7.38,6.5
2016-02-10,85.95550003101988,7.29,6.7
2016-02-11,85.10458537003653,7.29,6.5
2016-02-12,85.18843091737122,7.29,6.3
2016-02-13,87.54001796633311,7.32,6.8
2016-02-14,92.04358586085,7.46,6.8
2016-02-15,91.91419659819553,7.46,6.6
2016-02-16,87.42354200025353,7.34,6.7
2016-02-17,91.89580251152411,7.5,6.8
2016-02-18,93.14249220057091,7.55,6.7
2016-02-19,91.85099590986822,7.52,7
2016-02-20,92.72730475727599,7.55,6.4
2016-02-21,91.11646342860085,7.48,6.9
2016-02-22,92.51117843668128,7.51,6.8
2016-02-23,90.14825817940341,7.46,6.9
2016-02-24,89.63201340992707,7.43,7.3
2016-02-25,89.7091596002591,7.41,6.8
2016-02-26,91.3632653699444,7.43,7.5
2016-02-27,94.57958536588885,7.48,8
2016-02-28,93.29071384594047,7.48,8.4
2016-02-29,93.483787869549,7.47,8.6
2016-03-01,93.89279109467985,7.5,8.9
2016-03-02,96.03976410453217,7.58,9.9
2016-03-03,93.95215029356476,7.52,9
2016-03-04,92.00650722204901,7.47,8
2016-03-05,95.67786409954965,7.64,9
2016-03-06,95.02920953804349,7.69,9.2
2016-03-07,94.84556131122174,7.7,7.4
2016-03-08,95.41283702590817,7.69,7.6
2016-03-09,92.79901437370263,7.59,7
2016-03-10,91.29611412486791,7.52,7.1
2016-03-11,91.74325797477975,7.48,8.4
2016-03-12,93.61152643269638,7.54,7.7
2016-03-13,94.84150448486925,7.59,6.9
2016-03-14,94.48308094336137,7.54,6.4
2016-03-15,94.20774950212328,7.49,6.8
2016-03-16,90.1100169021467,7.37,7.9
2016-03-17,87.65869894811357,7.25,7.8
2016-03-18,88.0571043157208,7.26,7.9
2016-03-19,87.7909271522393,7.25,9.3
2016-03-20,88.89657925340815,7.25,8
2016-03-21,89.39350097546219,7.31,8.6
2016-03-22,91.26924732745981,7.34,6.3
2016-03-23,92.3420153759331,7.36,6.6
2016-03-24,92.65980789359848,7.34,6.2
2016-03-25,96.23090861073507,7.44,6.3
2016-03-26,97.5889695210559,7.48,6.4
2016-03-27,95.60599880388878,7.44,6.2
2016-03-28,96.7374858174228,7.54,6.4
2016-03-29,97.26654816218162,7.81,7.8
2016-03-30,96.52107967085097,7.79,6.7
2016-03-31,97.989083096294,7.78,6.8
2016-04-01,96.47079006779725,7.74,7
2016-04-02,97.59330471722394,7.75,8.3
2016-04-03,100.59909450889823,7.81,7.6
2016-04-04,103.99076813333639,7.93,7.7
2016-04-05,105.98778505677751,7.95,7.8
2016-04-06,101.91216275395159,7.7,7.3
2016-04-07,99.8175375312559,7.79,7.9
2016-04-08,101.15369004355995,7.87,7.2
2016-04-09,96.7492736762949,7.78,6.6
2016-04-10,93.18589103615545,7.69,5.6
2016-04-11,93.70566357603784,7.63,6
2016-04-12,97.2907234896734,7.74,6.1
2016-04-13,100.29245524658661,7.87,6.6
2016-04-14,102.53317589770515,8.01,8
2016-04-15,99.66706569205297,7.96,8.4
2016-04-16,105.34242015749375,8.03,7.5
2016-04-17,108.18225218697259,7.96,7.2
2016-04-18,106.61583472848142,7.86,9.4
2016-04-19,108.1268690160783,7.91,9.9
2016-04-20,105.97111302138642,7.97,9.7
2016-04-21,106.6390971955532,8.03,8.3
2016-04-22,102.1236248497503,8.02,8
2016-04-23,107.18673277754509,8.08,6.4
2016-04-24,105.36860811965123,8.12,6.5
2016-04-25,104.35812040817478,8.14,6
2016-04-26,106.37114397747449,8.19,5.5
2016-04-27,102.38995354801116,8.13,6.2
2016-04-28,106.4935046717669,8.09,6.2
2016-04-29,107.8040621170098,8.15,7.5
2016-04-30,102.31194413501159,8.01,8.6
2016-05-01,108.03663105715766,8.11,10.1
2016-05-02,120.18007385724547,8.4,11.5
2016-05-03,124.35415645895975,8.59,15.8
2016-05-04,122.21719034777472,8.66,23.1
2016-05-05,123.37969396989527,8.64,28
2016-05-06,130.30686311312124,8.78,32.6
2016-05-07,140.17050848872304,8.92,46.3
2016-05-08,154.78521151627766,9.14,48.5
2016-05-09,159.2638115347844,9.26,53.8
2016-05-10,153.66306458875115,9.27,60.8
2016-05-11,142.60607197087413,9.25,53.9
2016-05-12,139.86036881412068,9.23,52
2016-05-13,121.33532261128663,9.09,51.7
2016-05-14,125.87406357411017,9.08,50.2
2016-05-15,128.22211045577993,9.01,38.9
2016-05-16,116.61855524913145,8.91,32.5
2016-05-17,107.01500880136147,8.67,25.3
2016-05-18,106.64987636442811,8.41,13.4
2016-05-19,102.81882167293136,8.2,11.5
2016-05-20,99.40564217244842,7.98,10.3
2016-05-21,94.4750048928529,7.72,6.7
2016-05-22,98.72015587457051,7.77,5.2
2016-05-23,101.27654613255592,7.81,5
2016-05-24,102.17410015960048,7.81,5.4
2016-05-25,106.99640676772775,7.99,5.6
2016-05-26,108.0332900688504,7.99,6.4
2016-05-27,107.22765559499959,7.89,6.5
2016-05-28,109.88616848172438,7.94,7.4
2016-05-29,111.00229542123566,8.2,8
2016-05-30,115.10441358083334,8.27,9.6
2016-05-31,118.13205693898816,8.34,9.3
2016-06-01,115.37356164586201,8.31,7.8
2016-06-02,115.599626654754,8.34,6.4
2016-06-03,111.97900369253676,8.11,5.5
2016-06-04,104.31883864171378,7.87,6.5
2016-06-05,107.89169378723535,8.08,6
2016-06-06,104.62395485554927,8.01,4.8
2016-06-07,102.76736628269528,7.95,4.6
2016-06-08,101.75747985534775,7.94,5.6
2016-06-09,105.3849241076565,8.05,4.9
2016-06-10,106.58523904355506,8.12,5
2016-06-11,107.91173221277907,8.13,5.4
2016-06-12,108.82304143729908,8.19,6.2
2016-06-13,109.38187287500669,8.23,7.1
2016-06-14,105.72681167680425,8.1,6.5
2016-06-15,103.27641219034831,8.05,4.8
2016-06-16,109.61968522614262,8.15,4.7
2016-06-17,108.92386564506542,8.17,4.5
2016-06-18,112.11586165452638,8.21,4.5
2016-06-19,113.3597902078936,8.18,4.8
2016-06-20,114.37967353560765,8.32,4.3
2016-06-21,113.8817307242495,8.21,4
2016-06-22,112.4763536271278,8.27,4.5
2016-06-23,110.46061929104418,8.31,4.4
2016-06-24,112.34124617853331,8.2,4.6
2016-06-25,116.53566182132688,8.38,4.5
2016-06-26,114.98592382608923,8.34,4.6
2016-06-27,114.95381250091665,8.35,4.2
2016-06-28,116.7178672280919,8.43,4.8
2016-06-29,117.2630781741876,8.48,4.5
2016-06-30,119.61365286586174,8.47,5.2
2016-07-01,117.86935510381835,8.51,4.5
2016-07-02,113.10736784555957,8.47,4.4
2016-07-03,111.03540197351107,8.29,4
2016-07-04,107.77242061350915,8.16,4.1
2016-07-05,107.61655423225129,8.17,4
2016-07-06,111.60284481871811,8.3,5.2
2016-07-07,111.96235682383376,8.38,4.6
2016-07-08,111.84178719688194,8.4,5
2016-07-09,108.36493831715634,8.27,4.4
2016-07-10,112.62407138847175,8.38,3.5
2016-07-11,120.20443922133997,8.58,4.8
2016-07-12,124.2744099041799,8.73,8.7
2016-07-13,132.54583627049882,8.83,6.7
2016-07-14,131.69542131033415,8.81,5.8
2016-07-15,122.59795851859042,8.8,5.2
2016-07-16,109.27180270147583,8.32,3.2
2016-07-17,113.99357233094184,8.19,3.8
2016-07-18,115.22742531304414,NA,4.4
2016-07-19,116.67732596390672,NA,4.4
2016-07-20,120.77580335873985,NA,3.3
2016-07-21,118.89691378787866,NA,4.3
2016-07-22,123.49029161120022,9.01,3.9
2016-07-23,130.63882710071277,9.03,4
2016-07-24,129.2439433488079,8.94,3.9
2016-07-25,126.25147567606487,8.92,4
2016-07-26,123.6950074872826,8.89,3.9
2016-07-27,121.63224229686949,8.77,3.9
2016-07-28,124.30173445317159,8.9,4.1
2016-07-29,126.16640119302953,8.96,3.9
2016-07-30,123.5283098042892,8.96,3.5
2016-07-31,122.83936164562783,8.93,3.1
2016-08-01,124.29246773370247,8.95,3.7
2016-08-02,123.70490181130806,8.89,3.5
2016-08-03,124.71970424847247,9.04,3.2
2016-08-04,115.68986092430747,8.88,3.4
2016-08-05,117.65498049792626,8.81,3.4
2016-08-06,119.7155003862258,8.93,3.9
2016-08-07,126.55209259172867,9.08,4
2016-08-08,125.58851900599426,9.07,3.2
2016-08-09,128.7886261420926,9.11,3
2016-08-10,129.06767881380867,9.13,3.3
2016-08-11,121.06964468101262,9.07,3.3
2016-08-12,125.73618384871357,9.15,4.1
2016-08-13,134.36068332181986,9.3,3
2016-08-14,136.92405755186627,9.36,2.8
2016-08-15,132.1167140638455,9.23,4.3
2016-08-16,139.37600108128441,9.04,3.9
2016-08-17,141.75634674482117,9.1,4.4
2016-08-18,137.00915067573695,9.05,3.8
2016-08-19,119.40579826707942,8.76,4.4
2016-08-20,120.56394218537258,8.89,4.2
2016-08-21,120.02109593828534,8.86,4.3
2016-08-22,118.23286620391484,8.79,4.2
2016-08-23,120.73108843962676,8.8,4.1
2016-08-24,123.1585375785967,8.85,3.8
2016-08-25,124.60520161579076,8.89,4.1
2016-08-26,117.76092315414775,8.82,4
2016-08-27,119.53591402052271,8.74,4.5
2016-08-28,135.42504620391344,9.1,4.2
2016-08-29,130.46691712981604,8.95,4.6
2016-08-30,139.24020508704425,9.23,5
2016-08-31,135.9029520445996,9.16,4.1
2016-09-01,144.03502207475748,9.25,3.9
2016-09-02,146.89612342621848,9.22,4
2016-09-03,137.83975192160682,9.2,3.7
2016-09-04,135.23984634107285,9.05,4.3
2016-09-05,138.89667454030374,9.17,4.1
2016-09-06,143.9891433759216,9.13,4.7
2016-09-07,158.79087833055866,9.27,4.6
2016-09-08,142.92939292709724,9.19,4.2
2016-09-09,125.55751045259933,8.86,4.1
2016-09-10,134.93611761170874,9.1,4.3
2016-09-11,125.83353551218353,8.93,4.6
2016-09-12,128.19943417962176,9.03,4.1
2016-09-13,140.90273880573397,9.26,4.2
2016-09-14,154.81220028373076,9.46,4.6
2016-09-15,152.333988746276,9.45,3.7
2016-09-16,156.37269823157317,9.47,3.5
2016-09-17,158.844085824106,9.43,3.8
2016-09-18,160.66462736076923,9.41,4.2
2016-09-19,158.30753353522076,9.39,3.6
2016-09-20,151.14869381685955,9.37,4.3
2016-09-21,124.27306641615452,9.12,4.1
2016-09-22,121.49283215735376,8.78,4.1
2016-09-23,128.85998984571017,9.02,3.6
2016-09-24,136.75307116185817,9.22,4
2016-09-25,157.96906139537776,9.35,3.8
2016-09-26,171.51323015690753,9.43,3.7
2016-09-27,170.32820060992765,9.4,3.9
2016-09-28,156.60362598536898,9.33,3.6
2016-09-29,131.26344623815922,9.07,4.2
2016-09-30,125.72719062498048,8.85,3.7
2016-10-01,130.02227363180538,8.94,3.6
2016-10-02,120.05663741292956,8.76,3.5
2016-10-03,120.62437620007043,8.94,3.9
2016-10-04,133.15920413861386,9.14,4.6
2016-10-05,132.05652418224636,9.2,4
2016-10-06,134.87826518982286,9.23,3.8
2016-10-07,138.17922492391625,9.26,3.5
2016-10-08,141.16870851328318,9.21,3.2
2016-10-09,141.39853100411793,9.16,NA
2016-10-10,134.6800753271933,9.18,NA
2016-10-11,119.26775058496193,8.84,NA
2016-10-12,128.4525953852034,8.92,4.3
2016-10-13,131.23391686648,8.96,3.4
2016-10-14,116.96957525885523,8.79,4
2016-10-15,105.31951571389155,8.41,4.4
2016-10-16,96.47385423259739,7.97,4.6
2016-10-17,108.5768530869863,8.3,3.7
2016-10-18,116.9770951345576,8.61,3.9
2016-10-19,119.14619172791868,8.62,3.7
2016-10-20,121.092747345739,8.61,3.9
2016-10-21,119.63320698443643,8.5,3.6
2016-10-22,116.2427656811872,8.4,4.3
2016-10-23,115.74049104725337,8.38,4.1
2016-10-24,105.86962647310649,8.17,4.5
2016-10-25,97.38467081077013,7.82,4.4
2016-10-26,104.25114125005112,8.02,4.4
2016-10-27,95.2258815758024,7.79,4.7
2016-10-28,90.501477327508,7.66,4.3
2016-10-29,99.46640410862625,7.75,4.2
2016-10-30,92.38313340118552,7.68,4.1
2016-10-31,98.70405792096496,7.81,4.2
2016-11-01,102.77450037987043,7.9,4.3
2016-11-02,103.56465305664533,7.91,4.8
2016-11-03,104.29597838325422,7.9,4.5
2016-11-04,102.01039341179658,7.81,4.4
2016-11-05,100.4656466443194,7.76,4.4
2016-11-06,98.82649396293462,7.72,4.6
2016-11-07,97.49752608859926,7.68,4.4
2016-11-08,99.36512775658515,7.69,4.7
2016-11-09,99.49398310837498,7.7,4.7
2016-11-10,97.5202139036316,7.66,4.8
2016-11-11,95.00176936622292,7.6,4.8
2016-11-12,96.1888359669924,7.65,4.7
2016-11-13,96.9757326719147,7.61,4.4
2016-11-14,95.29660651612252,7.58,4.7
2016-11-15,96.83774077058925,7.72,4.4
2016-11-16,98.45837588904928,7.86,4.8
2016-11-17,99.21458826821373,7.88,4.2
2016-11-18,97.44629790467766,7.8,4.2
2016-11-19,93.8606865484262,7.72,4.2
2016-11-20,89.50355477459931,7.65,4.7
2016-11-21,91.90978961226189,7.66,4.2
2016-11-22,90.95061548857531,7.64,4.5
2016-11-23,93.06480629699531,7.68,4.5
2016-11-24,94.17501652205846,7.71,4.5
2016-11-25,90.58892888367528,7.63,4.2
2016-11-26,89.34584669499577,7.64,5
2016-11-27,95.60269846556383,7.77,4.2
2016-11-28,94.47831826145404,7.76,4.2
2016-11-29,94.31412368641003,7.76,4.4
2016-11-30,93.068268357166275,7.71,4.1
2016-12-01,95.10433111955652,7.78,5.2
2016-12-02,96.76139362192517,7.85,6.5
2016-12-03,94.29634664734887,7.76,4.6
2016-12-04,93.14811889560073,7.72,4.2
2016-12-05,91.84385008943138,7.69,4.2
2016-12-06,93.42112978253101,7.76,4.1
2016-12-07,92.95691889925781,7.75,4.4
2016-12-08,94.48750049727431,7.79,7.8
2016-12-09,92.98770842500723,7.71,5
2016-12-10,91.1213199243198,7.66,4.6
2016-12-11,91.20843942594901,7.68,4.1
2016-12-12,89.67410652494708,7.6,4.4
2016-12-13,88.95955805510516,7.57,3.9
2016-12-14,88.90440402668732,7.56,3.9
2016-12-15,92.07176202791359,7.64,4.9
2016-12-16,92.97347905262511,7.72,5.1
2016-12-17,92.45609103598379,7.72,3.7
2016-12-18,90.38365022756106,7.63,4.9
2016-12-19,88.60682680282459,7.56,3.6
2016-12-20,86.20865612227713,7.44,4.8
2016-12-21,84.35974189068422,7.38,3.7
2016-12-22,82.75930454664136,7.32,5
2016-12-23,89.53023289042251,7.42,4.8
2016-12-24,91.296506560584,7.48,4.4
2016-12-25,89.77902651982438,7.46,4.4
2016-12-26,88.66648301694516,7.46,5
2016-12-27,86.71849125366464,7.4,4.1
2016-12-28,85.55057083317604,7.34,4.2
2016-12-29,85.69799571370915,7.3,4.8
2016-12-30,86.46637503717695,7.27,3.7
2016-12-31,85.89708172800687,7.28,4.2
2017-01-01,88.12779195568744,7.33,3.9
2017-01-02,89.7666740806166,7.36,3.9
2017-01-03,94.5350885805009,7.47,8.4
2017-01-04,94.10812844917005,7.53,7.4
2017-01-05,93.42066684326899,7.51,5.6
2017-01-06,92.193563325783785,7.49,4.5
2017-01-07,95.0421067224674,7.51,7.6
2017-01-08,97.04116891094267,7.58,7.5
2017-01-09,96.03917968208332,7.56,4.9
2017-01-10,96.2340202970969,7.54,5.7
2017-01-11,94.56333996108141,7.47,4.5
2017-01-12,90.825134460355,7.35,6
2017-01-13,87.16418474198676,7.26,6.6
2017-01-14,84.13126349489039,7.19,5.4
2017-01-15,80.26921942496898,7.12,5.8
2017-01-16,76.06945165412816,7.08,5.7
2017-01-17,74.07330111473283,7.03,6.4
2017-01-18,84.25654468106403,7.22,11.7
2017-01-19,88.21035519412416,7.3,8.1
2017-01-20,90.30191910302872,7.32,7.6
2017-01-21,90.15317234474213,7.35,4.9
2017-01-22,93.07233466275929,7.37,8.9
2017-01-23,90.43868775793757,7.33,5.1
2017-01-24,87.74617888432817,7.26,5.1
2017-01-25,84.0678088190333,7.19,4.9
2017-01-26,83.1354192252985,7.14,5.6
2017-01-27,81.32066296420015,7.15,5.2
2017-01-28,78.755917796898,7.12,5
2017-01-29,78.14256840752807,7.08,5.1
2017-01-30,78.05466900549486,7.07,4.8
2017-01-31,77.26891405111085,7.06,4.8
2017-02-01,77.70390574731219,7.07,5.1
2017-02-02,88.23378745099005,7.25,5
2017-02-03,89.25679240247118,7.27,4.6
2017-02-04,88.36691637093051,7.25,4.6
2017-02-05,90.53033855676038,7.26,4.5
2017-02-06,92.03608979972033,7.32,4.5
2017-02-07,93.90449811238891,7.44,6.3
2017-02-08,91.78865072970285,7.32,4.1
2017-02-09,89.33696470633873,7.24,4.3
2017-02-10,86.76249721736974,7.22,4.3
2017-02-11,89.8897050228305,7.22,4.9
2017-02-12,88.50457463757216,7.22,5.1
2017-02-13,83.92039956867526,7.12,5.8
2017-02-14,78.56890275680271,6.95,5.8
2017-02-15,75.77746460815857,6.93,5.5
2017-02-16,77.84006437491246,7,6.5
2017-02-17,82.81152000618764,7.11,7
2017-02-18,87.501759701076125,7.18,6.7
2017-02-19,86.35791625798613,7.19,6
2017-02-20,91.43833604201257,7.26,6
2017-02-21,89.84070484302217,7.26,5.7
2017-02-22,90.65598833735132,7.23,6
2017-02-23,91.91415729149877,7.3,5.9
2017-02-24,78.70392271019438,7.03,6
2017-02-25,78.01123576468434,7.07,6
2017-02-26,76.36737875867745,7.03,5.8
2017-02-27,78.6144176037786,7.06,5.5
2017-02-28,80.65037502552583,7.1,5.1
2017-03-01,79.87191894966685,7.08,4.8
2017-03-02,80.92371542481791,7.08,4.8
2017-03-03,82.5553491503517,7.08,4.4
2017-03-04,87.59759410304389,7.16,4.8
2017-03-05,90.41206214530634,7.22,5.1
2017-03-06,89.98603803521955,7.29,4.7
2017-03-07,87.33919619447067,7.14,4.9
2017-03-08,88.40565914735916,7.15,4.7
2017-03-09,89.73643888884982,7.17,4.4
2017-03-10,90.44152901062978,7.18,4.5
2017-03-11,91.795320904406,7.19,4.5
2017-03-12,94.91633654969634,7.21,4.3
2017-03-13,93.36875078361511,7.21,4.5
2017-03-14,92.2441993517764,7.23,4.8
2017-03-15,94.01818546819132,7.28,4.9
2017-03-16,94.42159314205641,7.35,4.9
2017-03-17,90.8163480312671,7.27,5.3
2017-03-18,89.70336531668701,7.19,6.3
2017-03-19,87.31277393612396,7.17,4.8
2017-03-20,88.67077666446433,7.24,5.3
2017-03-21,92.14446809953559,7.29,5.1
2017-03-22,92.39449855249211,7.34,4.5
2017-03-23,95.3065220640591,7.44,4.7
2017-03-24,91.031707857189,7.3,4.6
2017-03-25,91.11755729563924,7.27,4.9
2017-03-26,90.31545856350559,7.25,4.6
2017-03-27,94.39792090769204,7.33,4.6
2017-03-28,97.0081744562904,7.44,6.2
2017-03-29,94.44522834914834,7.35,5
2017-03-30,97.62073186250423,7.48,5.1
2017-03-31,96.32381350799372,7.48,7.5
2017-04-01,94.93499414561455,7.46,5.5
2017-04-02,94.26069058664278,7.33,5
2017-04-03,96.48257323155875,7.43,5.5
2017-04-04,95.85538442814642,7.43,4.5
2017-04-05,93.51572234556923,7.16,4
2017-04-06,92.300738239007,7.14,4.1
2017-04-07,93.01742999478456,7.23,4.5
2017-04-08,94.45932888741632,7.23,3.8
2017-04-09,93.51501636795771,7.19,3.7
2017-04-10,95.50733335367379,7.2,3.7
2017-04-11,93.496375172139,7.15,3.8
2017-04-12,94.33807557893196,7.17,4.8
2017-04-13,95.73632390410728,7.25,4.6
2017-04-14,96.921479059224,7.35,3.9
2017-04-15,96.14145532103097,7.26,3.7
2017-04-16,94.10088940488608,7.16,4.6
2017-04-17,92.49681088794917,7.11,3.5
2017-04-18,94.90155909198944,7.15,3.8
2017-04-19,96.23182761598086,7.19,3.8
2017-04-20,99.37882905491345,7.26,3.7
2017-04-21,102.03637701319164,7.37,3.9
2017-04-22,102.38328407802537,7.37,4.2
2017-04-23,104.42915329698333,7.57,5.8
2017-04-24,100.2914188082316,7.53,6.9
2017-04-25,103.58258373626758,7.6,5.7
2017-04-26,98.91573124927268,7.43,4.5
2017-04-27,103.57530995268213,7.51,4
2017-04-28,99.5636262872729,7.44,5.7
2017-04-29,98.76985418218072,7.42,4
2017-04-30,99.47335620040306,7.34,3.6
2017-05-01,101.71222803111597,7.39,3.9
2017-05-02,101.9024532212112,7.47,3.9
2017-05-03,103.3993584537418,7.42,3.9
2017-05-04,106.31582692729245,7.4,4.3
2017-05-05,107.61396853348324,7.72,6.4
2017-05-06,105.26498239567539,7.74,7.3
2017-05-07,109.6328667308301,7.87,5.8
2017-05-08,106.4530182552808,7.45,5.3
2017-05-09,109.87505631163408,7.48,5.6
2017-05-10,112.63164706203001,7.89,6
2017-05-11,114.36166137753736,7.92,6.5
2017-05-12,114.4353379361108,8,7
2017-05-13,110.40538912491886,7.7,5.7
2017-05-14,111.30630325937005,7.77,5.1
2017-05-15,109.92980597235709,8.31,5.2
2017-05-16,105.20157366120341,8.19,4.7
2017-05-17,108.00150611782131,8.23,4.6
2017-05-18,108.27328065253548,8.28,4.9
2017-05-19,108.67351090337749,8.24,4.6
2017-05-20,107.28585605064676,7.99,5
2017-05-21,112.83694016192773,7.89,4.6
2017-05-22,115.35997281801028,7.95,5.2
2017-05-23,115.57866761404117,8.11,4.7
2017-05-24,107.45090896545788,8.16,6.1
2017-05-25,107.17171458663697,8.11,5
2017-05-26,104.59158853235739,7.83,4.8
2017-05-27,109.61536698461238,8.07,4.6
2017-05-28,110.27432783563597,8.11,3.9
2017-05-29,107.6412758220374,8.03,5.7
2017-05-30,102.24387152688952,7.71,5.1
2017-05-31,105.36682971391609,7.85,8.9
2017-06-01,108.75302964312247,8.09,9.3
2017-06-02,111.94800487125872,8.17,12.3
2017-06-03,111.22761272422554,8.25,12.7
2017-06-04,112.84174569005292,8.34,16.9
2017-06-05,120.16480973380332,8.53,17.6
2017-06-06,118.29944745536196,8.67,12.4
2017-06-07,112.9346607210818,8.61,4.7
2017-06-08,110.13356585604211,8.45,3.7
2017-06-09,111.64783152131625,8.44,3.2
2017-06-10,109.53557431776898,8.27,3.1
2017-06-11,113.03535755778434,8.48,2.9
2017-06-12,119.18369003344749,8.75,3.7
2017-06-13,121.624718501222,8.88,3.5
2017-06-14,120.71971774631396,8.9,3.1
2017-06-15,118.82798679309685,8.87,3.5
2017-06-16,117.1193890583946,8.64,3.4
2017-06-17,120.50541739088962,8.65,4.4
2017-06-18,128.71967422439178,8.96,4.8
2017-06-19,129.7741777855231,8.96,4.4
2017-06-20,133.6149129904363,9.04,4.3
2017-06-21,134.49373375206818,9.15,3.8
2017-06-22,133.76989740908164,9.14,3.7
2017-06-23,117.3082223405712,8.61,4.1
2017-06-24,113.81784545371036,8.72,3.8
2017-06-25,114.70327225108458,8.99,3.6
2017-06-26,115.06402544482562,8.97,3.5
2017-06-27,116.60339426736633,9.2,3.1
2017-06-28,124.40731859980974,9.05,3.5
2017-06-29,126.02003581379624,9.12,3.7
2017-06-30,123.81187941667848,9.14,3.5
2017-07-01,127.67874956062562,9.33,5.4
2017-07-02,132.73021873951782,9.35,8.5
2017-07-03,130.14285722755164,9.47,12.2
2017-07-04,126.51647834319009,9.6,11.3
2017-07-05,123.6660822675377,9.48,15.8
2017-07-06,129.08947515718953,9.48,16.6
2017-07-07,127.86864321506557,9.5,15.1
2017-07-08,124.33820968340932,9.41,13.6
2017-07-09,129.82188326595184,9.33,12.2
2017-07-10,129.17617167073476,9.22,10.1
2017-07-11,127.07048107041115,9.12,12.5
2017-07-12,127.06775681011312,9.14,12.8
2017-07-13,129.58509183887,9.14,6.8
2017-07-14,131.10566661300186,9.16,NA
2017-07-15,131.0141462335315,9.18,NA
2017-07-16,130.71003477516334,9.22,NA
2017-07-17,125.25152390132826,9.24,NA
2017-07-18,124.95243359328273,9.28,NA
2017-07-19,134.90763509397027,9.36,NA
2017-07-20,135.7894295987409,9.41,NA
2017-07-21,134.44093436349226,9.36,NA
2017-07-22,141.6857132861581,9.36,NA
2017-07-23,136.5196695160818,9.22,NA
2017-07-24,126.53896317427407,9.21,NA
2017-07-25,128.78454399415898,9.08,NA
2017-07-26,128.8260305338475,8.69,NA
2017-07-27,133.08130348054814,9.19,NA
2017-07-28,136.28903258656345,9.08,NA
2017-07-29,136.0079619923358,9.18,NA
2017-07-30,124.79757864102939,9.04,NA
2017-07-31,124.82237884435945,9.16,2.9
2017-08-01,134.5323395926119,9.14,3.8
2017-08-02,137.87064093521343,9.43,3.6
2017-08-03,134.60944552121506,9.36,3.8
2017-08-04,119.8225080646296,9.13,3.6
2017-08-05,124.72710175541113,8.64,3.7
2017-08-06,129.8970160601066,8.84,3.8
2017-08-07,133.5215093838534,8.94,3.8
2017-08-08,132.99688974088085,9.03,3.8
2017-08-09,131.2162655254345,9.27,3.8
2017-08-10,133.0946378791453,9.2,3.6
2017-08-11,131.80921921528616,9.21,3.8
2017-08-12,132.74573680542,9.29,3.8
2017-08-13,136.90336975481884,9.33,3.7
2017-08-14,132.54610810063124,9.41,3.8
2017-08-15,139.34953890118845,9.35,3.6
2017-08-16,147.71332347770485,9.48,3.4
2017-08-17,140.03633961531744,9.07,3.2
2017-08-18,144.5133702796123,9.14,3.7
2017-08-19,129.4767883544206,8.89,3.6
2017-08-20,128.9370853429786,8.68,3.8
2017-08-21,124.35771356017761,8.56,3.8
2017-08-22,131.89155404909877,8.8,3.7
2017-08-23,133.62874623421527,8.73,3.7
2017-08-24,132.6373125453089,8.93,3.8
2017-08-25,146.9124223505353,9.07,3.8
2017-08-26,149.83464562792398,9.19,3.6
2017-08-27,151.3252639621774,9.24,3.1
2017-08-28,148.41943085108466,9.21,3.6
2017-08-29,130.48740599560475,8.82,3.6
2017-08-30,130.04996061932317,8.65,3.7
2017-08-31,138.67211898395294,9.21,3.6
2017-09-01,150.16365779413186,9.32,3.4
2017-09-02,153.45467948470304,9.31,3.5
2017-09-03,153.93746432594105,9.26,3.3
2017-09-04,125.4817508011552,8.85,3.8
2017-09-05,125.3136554514036,8.57,3.6
2017-09-06,124.58159054144524,8.56,3.8
2017-09-07,115.74256203248345,8.55,3.6
2017-09-08,124.69192664006177,8.59,3.3
2017-09-09,130.20710807602123,8.72,3.5
2017-09-10,142.91889556150656,9.06,3.4
2017-09-11,139.78575653695208,9.1,3.2
2017-09-12,130.72234411451458,8.94,3.6
2017-09-13,117.86521624324509,8.51,3.6
2017-09-14,124.75055380583689,8.78,3.6
2017-09-15,133.39200263522983,8.95,3.2
2017-09-16,127.37835649822122,8.93,3.8
2017-09-17,127.72312245617255,8.97,3
2017-09-18,121.85958968626862,8.91,3.7
2017-09-19,123.47119721429263,8.66,3.6
2017-09-20,116.99178706325182,8.52,3.7
2017-09-21,123.37573127153443,8.61,3.2
2017-09-22,127.67106801305059,8.77,3.7
2017-09-23,132.51129872869507,9.17,3.7
2017-09-24,137.960409888568,9.49,3.2
2017-09-25,143.23138639601035,9.54,3.5
2017-09-26,142.6447458994391,9.5,3.7
2017-09-27,146.58030766950787,9.48,3
2017-09-28,150.49561880116485,9.39,2.6
2017-09-29,137.54723433675713,9.07,2.9
2017-09-30,136.470141637131,9.15,3.7
2017-10-01,127.67535278352821,8.79,3.8
2017-10-02,120.97264543127828,NA,3.3
2017-10-03,124.94358056943567,NA,3.5
2017-10-04,132.69676979852298,NA,3.6
2017-10-05,133.2075595285645,NA,3.6
2017-10-06,139.96188955364502,NA,3.2
2017-10-07,138.23245970415178,NA,3.3
2017-10-08,129.48382310249042,NA,3.5
2017-10-09,115.58710203882879,NA,4.2
2017-10-10,119.46462616582549,8.86,5.7
2017-10-11,125.2245859081069,8.94,4.6
2017-10-12,122.85521800050473,9.04,4.9
2017-10-13,125.81810123488364,9.07,4.8
2017-10-14,125.80461420976444,9.07,5.1
2017-10-15,130.8815671925589,9.05,4.5
2017-10-16,132.13392414255068,9.03,4.8
2017-10-17,131.19960049224372,8.98,4.9
2017-10-18,121.28777315004145,8.85,5.4
2017-10-19,112.877909146364,8.59,5.1
2017-10-20,109.42306969233559,8.17,5.9
2017-10-21,114.84380988454059,8.43,5.1
2017-10-22,118.38232523612555,8.53,5
2017-10-23,122.24063655964082,8.65,4.9
2017-10-24,124.63005411671534,8.67,4.7
2017-10-25,124.23373599422676,8.66,5.4
2017-10-26,121.86485700482197,8.57,6
2017-10-27,118.17406837861206,8.43,6
2017-10-28,115.10619783121759,8.3,5.8
2017-10-29,112.79466059128464,8.21,6
2017-10-30,111.4857063369764,8.19,6.3
2017-10-31,109.77728197576258,8.22,6.6
2017-11-01,108.97628196831536,8.13,6.9
2017-11-02,103.35279845374666,7.94,6.5
2017-11-03,98.45262159640788,7.79,6.1
2017-11-04,93.22521195576682,7.57,5.4
2017-11-05,99.39314464880916,7.78,5.3
2017-11-06,102.92752304047322,7.88,5.7
2017-11-07,103.39845934572145,7.91,6
2017-11-08,97.24053735909615,7.66,6.4
2017-11-09,98.64782699093784,7.7,6.6
2017-11-10,94.18394752203933,7.55,5.9
2017-11-11,92.86021408009327,7.51,6.2
2017-11-12,94.54493176994883,7.56,6.1
2017-11-13,97.44846844826088,7.61,6.8
2017-11-14,98.61800764572372,7.71,6.5
2017-11-15,93.30459153075033,7.61,5.9
2017-11-16,94.7110216612267,7.67,5.6
2017-11-17,93.99422759885609,7.67,5.4
2017-11-18,94.17499603565254,7.65,5.4
2017-11-19,93.97036326856107,7.63,5.4
2017-11-20,91.42806179031163,7.56,5.2
2017-11-21,89.35941465654868,7.51,6
2017-11-22,90.40480471587622,7.5,5.6
2017-11-23,88.62584040390598,7.46,5.7
2017-11-24,91.42719004461267,7.51,5.5
2017-11-25,88.23621495155872,7.45,5.8
2017-11-26,88.79987536352313,7.49,7
2017-11-27,88.82583997230618,7.5,5.6
2017-11-28,88.6969401534971,7.49,5.9
2017-11-29,89.74060164714723,7.51,5.9
2017-11-30,89.97871843814204,7.51,6.1
2017-12-01,89.85098286871232,7.51,6.1
2017-12-02,89.02402607579789,7.5,5.9
2017-12-03,91.60683102494828,7.57,5.6
2017-12-04,94.67937509491304,7.67,8.7
2017-12-05,92.57814207559643,7.68,7.1
2017-12-06,91.48601254517642,7.63,5.8
2017-12-07,90.79637299519075,7.61,6.5
2017-12-08,90.38048154541465,7.6,6.2
2017-12-09,89.31623606871727,7.58,6
2017-12-10,88.81818957747373,7.57,6.5
2017-12-11,87.5968484334863,7.54,6.6
2017-12-12,86.64310060363132,7.54,6.5
2017-12-13,88.5614107577425,7.51,6.5
2017-12-14,88.79139777612976,7.46,3.9
2017-12-15,88.58395461653798,7.44,3.8
2017-12-16,93.34094692055088,7.58,7.7
2017-12-17,93.44131699428065,7.7,5.9
2017-12-18,91.37149224862328,7.59,3.6
2017-12-19,90.45323493209342,7.51,4
2017-12-20,93.6980849262016,7.59,3.8
2017-12-21,93.52996364220128,7.59,3.5
2017-12-22,92.61699746571864,7.55,3.5
2017-12-23,91.55816902406741,7.51,3.5
2017-12-24,90.1623174038712,7.45,3.8
2017-12-25,88.63594357231098,7.38,3.9
2017-12-26,87.10931540852972,7.33,3.9
2017-12-27,87.90763205369436,7.32,4.2
2017-12-28,88.65707245407964,7.33,4.1
2017-12-29,89.3600716871446,7.34,3.8
2017-12-30,89.6679347563168,7.36,4
2017-12-31,89.84490873538243,7.39,4.4
2018-01-01,89.64853514970987,7.39,4.6
2018-01-02,88.77610892496635,7.39,4.1
2018-01-03,88.37131355074469,7.39,3.9
2018-01-04,89.01681260767774,7.38,4.1
2018-01-05,88.79205122101538,7.37,4.1
2018-01-06,91.74955106908426,7.43,3.9
2018-01-07,89.83072930967462,7.42,4
2018-01-08,89.47090213375895,7.47,4.3
2018-01-09,90.01900112046171,7.5,3.6
2018-01-10,91.36758793264057,7.56,3.7
2018-01-11,89.92349295928899,7.54,3.7
2018-01-12,87.86974757718207,7.47,3.7
2018-01-13,86.35916451992104,7.45,3.7
2018-01-14,85.14723382489335,7.4,3.8
2018-01-15,83.65234643868537,7.38,3.9
2018-01-16,83.50864952727233,7.4,3.8
2018-01-17,81.17890623619506,7.35,3.7
2018-01-18,84.66779462672005,7.39,3.9
2018-01-19,88.67110058799503,7.46,4
2018-01-20,92.05663840217639,7.58,4
2018-01-21,91.1836557296263,7.57,4.9
2018-01-22,92.28214272520664,7.58,4
2018-01-23,91.16679268554674,7.55,3.9
2018-01-24,88.89432210500829,7.5,4.5
2018-01-25,89.59698505101859,7.51,4.1
2018-01-26,89.58465261115145,7.54,4.7
2018-01-27,88.58861225225718,7.49,4.3
2018-01-28,88.05254685559431,7.47,4.2
2018-01-29,87.41636279105455,7.44,4.7
2018-01-30,86.95860023110798,7.46,4.8
2018-01-31,87.69366625196106,7.44,4.6
2018-02-01,88.30667912081051,7.43,5.1
2018-02-02,88.79543650544748,7.44,4.8
2018-02-03,89.18872210516287,7.43,5.4
2018-02-04,89.16194857549084,7.4,5.1
2018-02-05,89.78601470985318,7.4,5.4
2018-02-06,91.81698017980833,7.45,5.9
2018-02-07,91.48337223542164,7.46,5.7
2018-02-08,91.32146211315182,7.45,5.9
2018-02-09,93.00872385745515,7.45,6.5
2018-02-10,94.01732249329756,7.55,6.4
2018-02-11,94.43886788532103,7.66,6.2
2018-02-12,96.17846326240833,7.75,5.7
2018-02-13,95.82961338316,7.78,5.4
2018-02-14,94.51091130278951,7.68,5.1
2018-02-15,97.68180800597955,7.77,5.5
2018-02-16,97.32330888070406,7.72,5.4
2018-02-17,97.26223630290396,7.68,5.1
2018-02-18,97.63529594294441,7.74,6.2
2018-02-19,97.08785239909278,7.84,5.6
2018-02-20,96.54966643193937,7.83,5.9
2018-02-21,96.22920024747158,7.77,5
2018-02-22,97.7255920203257,7.78,5.9
2018-02-23,98.01718014634602,7.82,5.9
2018-02-24,98.0760048094376,7.81,5.8
2018-02-25,98.68959610104943,7.82,5.7
2018-02-26,98.87631849889279,7.82,5.7
2018-02-27,98.57307436743501,7.83,6.2
2018-02-28,99.14963979235434,7.84,5.9
2018-03-01,97.26116697827831,7.81,7.6
2018-03-02,96.44121909032435,7.81,5.8
2018-03-03,96.15269316873129,7.77,5.8
2018-03-04,98.0050853250536,7.75,5.6
2018-03-05,100.35855085271108,7.74,5.3
2018-03-06,101.44334508694838,7.7,5.9
2018-03-07,101.66538053912984,7.64,5.3
2018-03-08,102.49726334290983,7.6,5.3
2018-03-09,104.28911024309984,7.68,6.9
2018-03-10,102.57454478139954,7.69,6.1
2018-03-11,103.76363960699031,7.64,6.9
2018-03-12,105.91392859916733,7.64,6.2
2018-03-13,101.09723197417479,7.65,6.9
2018-03-14,101.12424854613349,7.7,6.4
2018-03-15,99.4598921950057,7.75,6.7
2018-03-16,99.36352636877398,7.78,6.3
2018-03-17,101.56354840468302,7.81,6.1
2018-03-18,103.09666857360156,7.74,5.4
2018-03-19,104.39528334633977,7.9,5.2
2018-03-20,98.13764861598881,7.76,4.9
2018-03-21,98.07090985241604,7.89,5.5
2018-03-22,97.77879468867364,7.9,6.4
2018-03-23,97.01458761179899,7.92,5.7
2018-03-24,97.03525311210515,7.92,5.4
2018-03-25,96.5571595880346,7.91,5.8
2018-03-26,97.2502405522488,7.9,5.4
2018-03-27,96.70707832860401,7.82,5.6
2018-03-28,94.26514548821021,7.75,7.3
2018-03-29,94.50247223003046,7.63,6
2018-03-30,95.50458854821855,7.59,7.4
2018-03-31,95.95392304025422,7.55,6.7
2018-04-01,98.5100315657031,7.62,7.5
2018-04-02,100.9666857195426,7.75,8.3
2018-04-03,105.4260727675962,7.89,7.5
2018-04-04,108.55972840717199,8.03,10.9
2018-04-05,103.05815340666236,7.92,13.6
2018-04-06,100.94857084000226,7.92,12.9
2018-04-07,96.90493257759447,7.82,11.5
2018-04-08,101.73924412627737,7.93,12.2
2018-04-09,103.5560199591937,7.91,10.1
2018-04-10,102.23353372850868,7.8,5.9
2018-04-11,105.00281854068609,7.95,6.7
2018-04-12,109.34323990294028,8.24,7.7
2018-04-13,114.2109079309666,8.3,10.6
2018-04-14,117.53043569129264,8.26,9.3
2018-04-15,113.35736865275621,8.31,8.6
2018-04-16,99.51770207142341,7.83,8.9
2018-04-17,99.08499053967158,7.75,6.2
2018-04-18,96.71098537441868,7.73,4.9
2018-04-19,100.81617421596125,7.85,4.8
2018-04-20,102.3223364256508,7.83,6.6
2018-04-21,102.74402034589983,7.59,6.6
2018-04-22,102.57733177097272,7.58,8.3
2018-04-23,104.98171235985754,7.59,9
2018-04-24,109.3108242723291,7.82,9.4
2018-04-25,108.42267578780734,7.97,12.4
2018-04-26,101.74832615802187,7.73,8.8
2018-04-27,103.38066417380377,7.79,7.1
2018-04-28,103.61449518432113,7.82,13.5
2018-04-29,104.71414016603997,7.94,7.7
2018-04-30,109.29081079969917,8.02,7.8
2018-05-01,107.85027807292265,8.05,7
2018-05-02,112.63005522125712,8.2,7.1
2018-05-03,108.49765153014323,8.24,12.5
2018-05-04,113.62413945425152,8.33,7.3
2018-05-05,107.71099636607799,8.26,7.4
2018-05-06,104.848382761909,8.15,6.2
2018-05-07,110.71098116843139,8.32,6.2
2018-05-08,112.50644685657238,8.4,6.7
2018-05-09,105.98373226669354,8.22,7.2
2018-05-10,106.86915272861943,8.22,6.2
2018-05-11,106.9619993762625,8.29,7.3
2018-05-12,111.12281862874111,8.44,6.9
2018-05-13,106.90029848845619,8.26,6.3
2018-05-14,102.92233994276006,8.1,6.2
2018-05-15,105.81122788729212,8.22,5.7
2018-05-16,105.6244645169578,8.2,5.8
2018-05-17,114.10804880330751,8.48,5.1
2018-05-18,114.22658446727571,8.54,5.7
2018-05-19,112.83016046567963,8.56,5.6
2018-05-20,110.48397177492521,8.46,5.4
2018-05-21,113.60709122061378,8.61,5.8
2018-05-22,116.36556640553081,8.65,5.8
2018-05-23,110.58439216616006,8.65,7.5
2018-05-24,106.76981605463094,8.28,6.7
2018-05-25,97.31587270055869,8.05,7
2018-05-26,112.1857400506835,8.42,5.2
2018-05-27,120.92068731408997,8.69,5.4
2018-05-28,131.6813552272936,8.88,4.7
2018-05-29,139.26106860789733,9.02,6.2
2018-05-30,122.21392180190148,8.91,4.8
2018-05-31,113.75533119159387,8.62,3.7
2018-06-01,125.49427246192396,8.85,4.1
2018-06-02,133.48518247437553,8.9,9.1
2018-06-03,138.2877236360781,8.99,4.8
2018-06-04,128.49836825417114,8.95,5.2
2018-06-05,117.83674391481178,8.79,4.8
2018-06-06,121.50760984838061,8.9,4.1
2018-06-07,122.24476248872584,8.98,3.9
2018-06-08,118.2446649373899,8.92,4.2
2018-06-09,113.07304248874676,8.88,3.4
2018-06-10,129.20183509033768,9.09,3.4
2018-06-11,134.64018324872723,9.06,3.2
2018-06-12,159.22580197743196,9.44,3.4
2018-06-13,157.1412891332966,9.47,3.7
2018-06-14,154.55759189416136,9.43,4.5
2018-06-15,139.72607538803925,9.39,3.5
2018-06-16,132.0413658447969,9.4,3.9
2018-06-17,133.77915422522696,9.25,3.5
2018-06-18,124.79632898050394,9.09,4.1
2018-06-19,120.78316189049767,9.06,3.8
2018-06-20,116.99848611693697,9.03,3.6
2018-06-21,126.15607190468259,9.12,4.7
2018-06-22,146.9215589518283,9.27,3.8
2018-06-23,138.64859947440328,9.27,3.5
2018-06-24,125.5390546321635,9.13,9.9
2018-06-25,112.55998084881537,8.51,4.6
2018-06-26,136.1082746549104,9,3.9
2018-06-27,137.4625169781559,9.25,3.9
2018-06-28,140.158810238442,9.3,4.1
2018-06-29,141.14754634143685,9.31,4.3
2018-06-30,148.1169694296345,9.47,3.8
2018-07-01,124.55575866915791,9.38,8.8
2018-07-02,112.95357361529432,8.72,5.2
2018-07-03,122.30819113772068,9.01,3.4
2018-07-04,121.90014069783723,8.97,3.6
2018-07-05,134.98956186204646,9.16,3.7
2018-07-06,136.6761765354763,9.23,3.7
2018-07-07,135.09284161954352,9.39,6.9
2018-07-08,135.9713049323716,9.46,3.8
2018-07-09,143.05911652723577,9.53,3.7
2018-07-10,145.3225645655441,9.49,3.8
2018-07-11,165.24445389501875,9.63,3.7
2018-07-12,138.3079296870443,9.46,3.2
2018-07-13,129.24044801707285,9.23,6.7
2018-07-14,126.57084911451749,9.01,8.2
2018-07-15,127.06417084799757,9.06,5.3
2018-07-16,127.99997625485315,9.11,7.5
2018-07-17,132.71497433223797,9.33,4.6
2018-07-18,138.4769681580206,9.33,5
2018-07-19,136.24418303820312,9.41,5.9
2018-07-20,131.80727635229306,9.4,7.2
2018-07-21,126.06533202291497,9.21,7.1
2018-07-22,129.92354670735858,9.08,4.9
2018-07-23,137.9889727250651,9.2,7.1
2018-07-24,143.10353618473528,9.36,6.2
2018-07-25,139.5695541123568,9.27,5.7
2018-07-26,139.2295690720779,9.24,6.8
2018-07-27,143.65230438471826,9.34,5.4
2018-07-28,149.7725053555268,9.42,5.2
2018-07-29,136.62948500913632,9.4,9.3
2018-07-30,143.41739451307234,9.29,3.2
2018-07-31,141.0862785454862,9.25,6.7
2018-08-01,139.15211300263175,9.24,8.6
2018-08-02,141.21788083040158,9.19,3.7
2018-08-03,148.12994029031896,9.24,3.2
2018-08-04,140.66763168314228,9.22,5.2
2018-08-05,132.70375084748352,9.13,5.8
2018-08-06,132.4916608474018,9.12,4.5
2018-08-07,133.81095437148994,9.16,4.1
2018-08-08,148.82249363411267,9.3,7.9
2018-08-09,166.47869851113296,9.36,9.6
2018-08-10,152.2585807624437,9.31,7.9
2018-08-11,145.08069055323705,9.14,3.6
2018-08-12,154.1757416086027,9.23,8.8
2018-08-13,143.8953131396029,9.16,7.3
2018-08-14,136.791558185344,9.02,4
2018-08-15,136.7759099606661,9.02,7.4
2018-08-16,145.01220170389809,9.01,7
2018-08-17,150.58823369853977,9.01,4.9
2018-08-18,159.97215528143477,9.27,4.4
2018-08-19,156.4999783494753,9.3,4.3
2018-08-20,149.96115013058665,9.32,3
2018-08-21,138.61099134668376,8.96,8.5
2018-08-22,149.11407203174946,9.03,6.1
2018-08-23,144.385154983096,8.98,4.4
2018-08-24,152.66804464967046,9.12,8
2018-08-25,166.88810169884837,9.37,3.2
2018-08-26,151.98572378132675,9.12,3.2
2018-08-27,152.66743682832183,9.15,3.6
2018-08-28,146.00109086468663,9.09,4.1
2018-08-29,145.75068903455872,9,3.1
2018-08-30,154.64880622069154,9.11,6.6
2018-08-31,167.5191857845977,9.24,3.1
2018-09-01,157.6494823945189,9.18,8.9
2018-09-02,168.86983536266865,9.35,4.3
2018-09-03,149.42624250110194,9.12,5.6
2018-09-04,149.57945561010982,9.14,3.8
2018-09-05,140.94126659899604,9.01,7.6
2018-09-06,153.99382545307145,9.08,6.9
2018-09-07,178.7515518281915,9.37,2.9
2018-09-08,162.63961902148375,9.25,3
2018-09-09,169.6259105623915,9.29,3.1
2018-09-10,164.2454298846198,9.24,4.2
2018-09-11,155.93704343046832,9.09,4.5
2018-09-12,147.15133980270133,8.84,3.1
2018-09-13,166.45412003026343,9.06,3
2018-09-14,169.4728755814034,9.29,3.5
2018-09-15,159.88627423945303,9.26,3.7
2018-09-16,159.65048116510383,9.26,7.3
2018-09-17,161.55233000561444,9.38,3.4
2018-09-18,160.63004436168578,9.44,7.3
2018-09-19,166.76748593134508,9.55,7.6
2018-09-20,170.88062254260967,9.61,3.4
2018-09-21,182.24387170405475,9.64,5.8
2018-09-22,150.9813299058877,9.24,3.5
2018-09-23,163.32850073957397,9.3,3.5
2018-09-24,172.0437804479922,9.45,4.2
2018-09-25,156.23552383094753,9.31,6.3
2018-09-26,159.0815116314058,9.34,4.2
2018-09-27,161.67106467647724,9.3,NA
2018-09-28,129.83265878145374,8.94,NA
2018-09-29,138.12715254828908,9.04,NA
2018-09-30,158.40654854858394,9.3,NA
2018-10-01,153.97712314697563,9.33,NA
2018-10-02,152.65927364177892,9.36,NA
2018-10-03,135.1721059025526,9.23,NA
2018-10-04,133.06043391183073,9.17,NA
2018-10-05,144.5618520398454,8.97,1.8
2018-10-06,135.43404203601713,9.03,1.8
2018-10-07,126.96670993649649,9,3.2
2018-10-08,139.94781234196603,9.04,2.1
2018-10-09,142.94781534804991,9.1,1.7
2018-10-10,132.04892198404985,8.95,1.9
2018-10-11,127.69986795992816,8.64,1.7
2018-10-12,133.13968424369534,8.78,1.9
2018-10-13,143.33227216517687,8.94,2.6
2018-10-14,127.70256457908347,8.94,1.6
2018-10-15,132.00278604797973,8.95,1.7
2018-10-16,134.851159072642,8.96,1.8
2018-10-17,138.5581632579213,8.93,1.2
2018-10-18,138.2862775335846,8.95,1.8
2018-10-19,143.6233029560887,8.99,1.8
2018-10-20,145.99112461603093,9.01,1.4
2018-10-21,136.36465533813242,8.95,2.3
2018-10-22,120.94818738443209,8.53,2.1
2018-10-23,118.32068627393025,8.46,1.7
2018-10-24,126.19513842109463,8.63,3.4
2018-10-25,129.67010564386226,8.71,1.5
2018-10-26,134.29500379673215,8.79,1.6
2018-10-27,138.10724990522857,8.83,1.9
2018-10-28,121.67885610755135,8.67,2.9
2018-10-29,116.64647679488583,8.44,4.6
2018-10-30,113.70513900689633,8.45,2.4
2018-10-31,114.23745422617648,8.4,1.7
2018-11-01,114.95370546931669,8.36,2.4
2018-11-02,116.37982565285701,8.33,2.4
2018-11-03,112.62473732716136,8.2,2.7
2018-11-04,112.87358784838626,8.17,2
2018-11-05,109.5233032966336,8.11,2
2018-11-06,106.06535502449026,8.01,2.2
2018-11-07,103.35789596167054,7.91,1.9
2018-11-08,102.5070348249145,7.91,2.3
2018-11-09,101.38281013632032,7.9,1.9
2018-11-10,97.66692160581613,7.81,2.1
2018-11-11,98.58051199126423,7.85,2.1
2018-11-12,100.00502153374164,7.84,2.5
2018-11-13,96.86903092520602,7.7,2.1
2018-11-14,95.78026121901438,7.71,2.1
2018-11-15,93.73896178458857,7.66,2.1
2018-11-16,91.67798528667228,7.6,2.3
2018-11-17,92.99090938674101,7.58,2.4
2018-11-18,94.79509253223254,7.59,2.2
2018-11-19,95.27109028415306,7.6,2.3
2018-11-20,95.18201780732406,7.58,2.1
2018-11-21,92.31144691415082,7.52,2.2
2018-11-22,96.59268687876506,7.57,2.4
2018-11-23,95.56728046156813,7.55,2.2
2018-11-24,96.81399012682348,7.54,2.2
2018-11-25,98.31617620087356,7.56,2.1
2018-11-26,98.68301924906872,7.82,4.5
2018-11-27,92.95796678401082,7.7,4.7
2018-11-28,92.82938823582425,7.7,4.7
2018-11-29,91.60177047275812,7.72,5.8
2018-11-30,90.79890025224421,7.75,4.8
2018-12-01,92.63870626303218,7.79,4.7
2018-12-02,91.04414028971959,7.79,4.4
2018-12-03,90.47166091721799,7.76,4.7
2018-12-04,88.19862360339913,7.73,5
2018-12-05,87.9779472626499,7.71,4.8
2018-12-06,89.2791979229736,7.73,4.8
2018-12-07,89.43024715868391,7.7,4.6
2018-12-08,88.08021489092444,7.66,4.4
2018-12-09,85.24131814274828,7.62,4.5
2018-12-10,86.68874032365453,7.63,4.9
2018-12-11,87.6977753473368,7.65,4.5
2018-12-12,88.48069310837045,7.66,4.7
2018-12-13,88.17341904335836,7.64,4.6
2018-12-14,87.11801436578295,7.63,4.6
2018-12-15,84.87414665345231,7.59,4.9
2018-12-16,86.47198286350225,7.62,5.3
2018-12-17,87.26873050737835,7.64,5.4
2018-12-18,86.10659617913417,7.6,4.7
2018-12-19,84.83240303348077,7.56,5.4
2018-12-20,83.5169706238387,7.55,4.8
2018-12-21,84.25617993913843,7.54,4.8
2018-12-22,84.63325177309149,7.56,5.7
2018-12-23,83.93673794689089,7.55,4.9
2018-12-24,88.40585209698374,7.62,5.2
2018-12-25,93.82906961217991,7.75,5.6
2018-12-26,93.3600223654414,7.74,5.5
2018-12-27,94.8977329996041,7.79,6.6
2018-12-28,97.91131995679785,7.87,5.8
2018-12-29,94.84399573042194,7.85,5.4
2018-12-30,91.6230701440725,7.72,5.3
2018-12-31,95.78103014550156,7.81,8.4
2019-01-01,97.39412702970286,7.9,6.6
2019-01-02,95.51711776900923,7.87,5.8
2019-01-03,92.92291144834617,7.79,5.7
2019-01-04,92.62294260406271,7.74,5.9
2019-01-05,94.33070421702445,7.81,6.7
2019-01-06,98.28928184542715,7.88,9.3
2019-01-07,97.51117032094108,7.88,8.3
2019-01-08,94.9110232296086,7.81,6.9
2019-01-09,95.3567979155887,7.79,6
2019-01-10,94.32380505132207,7.78,5.7
2019-01-11,92.70690700456127,7.73,5.7
2019-01-12,91.4822830579661,7.71,5.8
2019-01-13,90.16354464748113,7.67,6
2019-01-14,89.9264917517861,7.64,6.4
2019-01-15,94.23684795442034,7.75,7.2
2019-01-16,97.3726439240352,7.85,8
2019-01-17,95.89988444050152,7.82,8.9
2019-01-18,94.99338739145621,7.8,6.9
2019-01-19,92.47617989390359,7.7,5.8
2019-01-20,93.67455301674882,7.67,6.3
2019-01-21,95.68591348578465,7.76,6.6
2019-01-22,95.43457405712522,7.77,6.5
2019-01-23,92.78776760354408,7.71,6.8
2019-01-24,89.55907925828015,7.62,6.9
2019-01-25,84.98879094551341,7.51,6.8
2019-01-26,83.2691274326257,7.48,6.9
2019-01-27,81.54764792916092,7.45,7
2019-01-28,80.44190617081529,7.42,6.5
2019-01-29,79.50684958611528,7.39,6.5
2019-01-30,78.82661491645673,7.37,6.7
2019-01-31,77.7783114685661,7.36,7.1
2019-02-01,82.7386863934716,7.44,7.6
2019-02-02,89.40164564873562,7.62,11.3
2019-02-03,91.91435192938263,7.75,10.5
2019-02-04,92.4056512288728,7.8,8.3
2019-02-05,90.97575112904698,7.77,7.1
2019-02-06,89.70365874046982,7.74,6.7
2019-02-07,87.59751541737705,7.65,6.7
2019-02-08,84.80036140051283,7.57,6.7
2019-02-09,88.44781297338979,7.62,7.1
2019-02-10,91.42011160339216,7.68,7.1
2019-02-11,90.44164262955611,7.68,6.9
2019-02-12,89.08426888841454,7.65,7
2019-02-13,93.31505602910893,7.73,8.3
2019-02-14,94.85513422505643,7.77,8.4
2019-02-15,94.30401558908498,7.8,7.3
2019-02-16,94.99195780441518,7.77,7.3
2019-02-17,94.66654272634746,7.78,6.9
2019-02-18,92.60410472441937,7.69,6.7
2019-02-19,91.83916881075554,7.64,6.5
2019-02-20,91.1781934705762,7.59,7
2019-02-21,93.4720608296469,7.6,6.6
2019-02-22,93.80056880951496,7.63,6.9
2019-02-23,91.23094009498625,7.57,6.4
2019-02-24,89.74840596219889,7.51,6.3
2019-02-25,90.39148923919585,7.49,6.3
2019-02-26,92.69222759461945,7.58,6
2019-02-27,95.44049540743534,7.67,7
2019-02-28,94.44096380047978,7.61,6
2019-03-01,92.64413029614849,7.58,7.1
2019-03-02,89.85892326387172,7.55,7
2019-03-03,88.83732005157835,7.53,6.7
2019-03-04,89.093938663883,7.52,6.8
2019-03-05,88.65142761152434,7.5,7.3
2019-03-06,94.17754469529443,7.69,7.2
2019-03-07,93.34089339875928,7.7,7.4
2019-03-08,94.7685334420153,7.74,7.9
2019-03-09,93.52864613890972,7.73,7.1
2019-03-10,92.29974979028772,7.71,6.6
2019-03-11,92.73466161242828,7.65,6.2
2019-03-12,96.51910754091533,7.79,7.6
2019-03-13,97.13820399169684,7.85,7.7
2019-03-14,96.21104980925828,7.82,7.7
2019-03-15,95.10203933006093,7.74,7
2019-03-16,94.89728771373336,7.68,7
2019-03-17,95.13673299046332,7.63,7.1
2019-03-18,95.90848523281814,7.59,6.2
2019-03-19,96.52102311494119,7.6,7.1
2019-03-20,97.96592744083364,7.71,6.4
2019-03-21,98.5903934395559,7.71,6.8
2019-03-22,96.66801726055225,7.69,7
2019-03-23,98.66488866180796,7.71,6.8
2019-03-24,98.73289772616569,7.71,7
2019-03-25,96.28224469212141,7.67,7.2
2019-03-26,96.40247721714832,7.66,6
2019-03-27,95.43629130256639,7.64,4.2
2019-03-28,96.02158341567679,7.67,4.1
2019-03-29,98.444749518383,7.72,3.9
2019-03-30,102.60916243174513,7.81,4.1
2019-03-31,103.40177666421675,7.83,4.1
2019-04-01,101.75393688173018,7.77,4.3
2019-04-02,101.34239949880232,7.68,4.6
2019-04-03,101.33638841461496,7.69,5.5
2019-04-04,101.29700264026656,7.67,5.3
2019-04-05,99.82243139432605,7.68,5.7
2019-04-06,100.59319951941129,7.63,4.8
2019-04-07,101.55090087020278,7.63,4.6
2019-04-08,104.51857251380783,7.7,5.5
2019-04-09,105.2806192501905,7.94,5.6
2019-04-10,101.92743366865375,7.96,6
2019-04-11,100.4868018287717,7.94,6.4
2019-04-12,101.93211011243477,7.96,5.4
2019-04-13,103.12923881891258,7.92,4.9
2019-04-14,105.26172964321736,7.93,4
2019-04-15,101.60971819535104,7.93,4.4
2019-04-16,102.22285757383477,7.88,4.8
2019-04-17,108.41826040740561,7.98,4
2019-04-18,114.07459000313793,8.1,3.9
2019-04-19,115.94347507659144,8.1,3.9
2019-04-20,114.10622247792543,8.29,4.7
2019-04-21,116.16526781617837,8.47,5.2
2019-04-22,118.85171011638485,8.65,4.2
2019-04-23,125.23124533666581,8.68,5.4
2019-04-24,128.93146024249847,8.67,5.7
2019-04-25,122.80768055667934,8.7,4.8
2019-04-26,119.56432681643776,8.68,5
2019-04-27,116.95696756569829,8.66,5.3
2019-04-28,119.01913122010579,8.79,5.7
2019-04-29,112.00489542548027,8.69,5.9
2019-04-30,115.33676304051987,8.64,8.1
2019-05-01,124.19341817447516,8.83,5
2019-05-02,132.80192325643532,9.07,5.5
2019-05-03,136.1620348177334,9.15,6.8
2019-05-04,130.02988172015267,8.94,6
2019-05-05,111.2428282995032,8.76,33.4
2019-05-06,112.20831129153883,8.5,15
2019-05-07,122.5631721801002,8.79,5.4
2019-05-08,123.3879113034204,8.93,6.7
2019-05-09,112.26706843147309,8.74,9.5
2019-05-10,107.48670707030487,8.36,7.2
2019-05-11,114.8387953601246,8.71,6.6
2019-05-12,115.42650823925291,8.78,5
2019-05-13,117.0000018445973,8.84,5.8
2019-05-14,110.40873932297634,8.58,6.3
2019-05-15,104.50846518275702,8.44,6
2019-05-16,107.94699219195023,8.51,6.7
2019-05-17,122.77811617371799,8.9,5.2
2019-05-18,111.24511831765986,8.73,8.3
2019-05-19,111.45929973670596,8.6,5.6
2019-05-20,127.08641079531881,9.03,4.5
2019-05-21,115.49980834069709,8.92,18.2
2019-05-22,114.92147066240032,8.81,7.4
2019-05-23,128.96842266737733,9.08,9.1
2019-05-24,131.5987510195985,9.29,5.2
2019-05-25,131.53375870661907,9.38,11.6
2019-05-26,121.32603526603154,9.3,6.3
2019-05-27,128.77206888311125,9.23,7.7
2019-05-28,135.00272691415333,9.46,6
2019-05-29,145.48089711995408,9.61,8
2019-05-30,140.6165721444874,9.68,4.5
2019-05-31,136.54421456588395,9.71,3
2019-06-01,142.86234814084597,9.7,2.9
2019-06-02,124.32460213859626,9.43,2.6
2019-06-03,129.32404435422944,9.25,2.6
2019-06-04,145.2402587167278,9.37,2.7
2019-06-05,152.7973732364929,9.53,4.1
2019-06-06,134.32516548716447,9.46,3.5
2019-06-07,121.70599867013696,9.33,4.2
2019-06-08,119.33526367494127,9.15,3.1
2019-06-09,139.6700425832552,9.25,3.3
2019-06-10,154.16813118203038,9.36,3
2019-06-11,161.001609875118,9.39,2.5
2019-06-12,163.89496116241017,9.48,3.9
2019-06-13,128.8959481818162,9.4,2.6
2019-06-14,134.59466550739396,9.2,2.4
2019-06-15,135.33106756862182,9.38,2.4
2019-06-16,135.6031537586255,9.39,2.2
2019-06-17,143.8197397411574,9.48,5.5
2019-06-18,143.564602493353,9.52,2.2
2019-06-19,135.40594250581228,9.42,2.4
2019-06-20,130.4372373085939,9.12,2.7
2019-06-21,141.4349535491862,9.31,4.6
2019-06-22,143.56160892048456,9.62,2.3
2019-06-23,164.43982615276428,9.84,3.4
2019-06-24,153.77180355897386,9.88,2.6
2019-06-25,145.91488754025391,9.78,2.4
2019-06-26,134.59356739309638,9.51,4.7
2019-06-27,135.03111935009667,9.48,6.5
2019-06-28,142.39513273559035,9.53,3.3
2019-06-29,152.67940023295716,9.66,5.2
2019-06-30,156.8577101745983,9.73,5.9
2019-07-01,146.116379910833,9.72,2.8
2019-07-02,148.01159157237328,9.66,2.4
2019-07-03,154.22269356727924,9.64,2.9
2019-07-04,153.2335315086735,9.55,2.9
2019-07-05,146.23781420531375,9.44,2.7
2019-07-06,149.17559187161865,9.45,2.9
2019-07-07,143.73531381643335,9.47,2.5
2019-07-08,134.27087036897552,9.44,2.5
2019-07-09,133.38321160438278,9.44,2.3
2019-07-10,130.89219524846968,9.23,2.5
2019-07-11,129.90991545544156,8.97,2.8
2019-07-12,142.98963358769004,9.02,2.7
2019-07-13,137.015971157237,9.01,2.6
2019-07-14,135.8848559313411,9.01,2.9
2019-07-15,136.54733356896116,9.06,3.3
2019-07-16,142.38750467553106,9.06,3.1
2019-07-17,156.3098489146935,9.16,3.2
2019-07-18,157.2013899650334,9.19,3.1
2019-07-19,144.3720963439006,9.06,2.9
2019-07-20,135.00508187619485,8.95,2.6
2019-07-21,144.63109710867366,9.08,3.1
2019-07-22,158.66458453095936,9.23,2.4
2019-07-23,159.38448417980584,9.27,3.1
2019-07-24,169.12483478910247,9.31,2.4
2019-07-25,166.80814462400576,9.27,2.8
2019-07-26,147.1314595550578,9.09,2.5
2019-07-27,147.7968661622758,9.08,2.6
2019-07-28,147.7003850484793,9.01,2.5
2019-07-29,128.12008253265597,8.9,2.8
2019-07-30,134.6489153330579,8.93,2.7
2019-07-31,138.3179030281402,8.93,2.6
2019-08-01,135.77749132611837,8.98,3.2
2019-08-02,143.27075494566702,9.1,3.1
2019-08-03,145.34061784737685,9.04,3.3
2019-08-04,147.6189426652604,9.09,3.3
2019-08-05,143.47732111275081,9.04,3.1
2019-08-06,144.05778495683202,9.05,2.5
2019-08-07,144.24337698215686,9.16,3.1
2019-08-08,140.87937936646014,9.17,2.9
2019-08-09,137.0389983312925,9.25,3.1
2019-08-10,132.68777509103683,9.33,3.2
2019-08-11,140.8050926983088,9.33,2.9
2019-08-12,143.28444024362398,9.26,3.1
2019-08-13,151.33620612380068,9.29,3.3
2019-08-14,159.24496394505957,9.26,3.3
2019-08-15,161.99473889463763,9.26,3.3
2019-08-16,161.1667892667938,9.22,3
2019-08-17,144.20348250843088,9.13,3.3
2019-08-18,148.6981552933896,9.07,3.3
2019-08-19,160.49933562194371,9.39,3.14
2019-08-20,168.52509904997908,9.56,3.25
2019-08-21,182.59569421312122,9.65,2.79
2019-08-22,191.598969037358,9.64,3.37
2019-08-23,186.35133679851515,9.59,3.03
2019-08-24,158.81715665402587,9.53,3.31
2019-08-25,155.91957617039273,9.43,3.3
2019-08-26,151.80620741684427,9.43,2.73
2019-08-27,139.76169898024557,9.43,3.33
2019-08-28,139.3779256897966,9.42,3.34
2019-08-29,144.29021145399278,9.39,3.54
2019-08-30,156.2018514440743,9.41,3.92
2019-08-31,173.1977133388821,9.53,4.23
2019-09-01,183.26466492520984,9.59,5.75
2019-09-02,178.27211121717846,9.61,3.23
2019-09-03,177.2755165728585,9.64,4.12
2019-09-04,174.87701016018315,9.59,3.75
2019-09-05,157.9610207678669,9.5,3.9
2019-09-06,171.21161309778932,9.55,5.25
2019-09-07,144.41098866828057,9.55,4.55
2019-09-08,157.12767052971026,9.48,4.38
2019-09-09,152.33657795714953,9.48,4.49
2019-09-10,157.86934876998683,9.58,3.71
2019-09-11,170.54132014005913,9.67,3.21
2019-09-12,181.54211524879508,9.76,4.64
2019-09-13,193.75947867967014,9.78,3.69
2019-09-14,196.98238935402654,9.81,3.8
2019-09-15,174.71571335765037,9.69,7.25
2019-09-16,138.5810867093531,9.43,5.55
2019-09-17,165.4876345341795,9.52,4.53
2019-09-18,154.95655139824478,9.52,4.78
2019-09-19,166.25071275814307,9.59,3.03
2019-09-20,179.58016290786324,9.76,3.19
2019-09-21,179.5590079045796,9.83,3.88
2019-09-22,184.85928356634443,9.8,9.84
2019-09-23,163.6773785019204,9.76,7.98
2019-09-24,164.63711507381203,9.66,7.18
2019-09-25,171.6401929971607,9.45,9.83
2019-09-26,139.4938846233477,9.33,11.88
2019-09-27,125.83632147801642,8.77,6.84
2019-09-28,136.51326857637628,8.95,2.76
2019-09-29,151.07781825964676,9.19,6.95
2019-09-30,149.86016390365418,9.21,2.6
2019-10-01,158.44423654603804,9.3,4.48
2019-10-02,174.05367485048103,9.48,5.9
2019-10-03,175.04352427810846,9.46,7.35
2019-10-04,147.98329041604563,9.34,3.41
2019-10-05,155.46877926746754,9.45,2.82
2019-10-06,161.5536531616747,9.47,5.2
2019-10-07,166.57522516186404,9.46,2.36
2019-10-08,168.0903170782892,9.46,4.98
2019-10-09,132.03336355734857,9.35,5.64
2019-10-10,132.31336638904003,9.17,3.65
2019-10-11,148.5537794303611,9.29,3.26
2019-10-12,155.25532238098683,9.35,2.48
2019-10-13,156.21229451553816,9.4,4
2019-10-14,149.82884492810453,9.43,1.52
2019-10-15,146.2563380354019,9.45,3.21
2019-10-16,145.43196624083487,9.43,4.17
2019-10-17,127.39834196347846,9.03,4.7
2019-10-18,133.41766594610064,9.06,2.57
2019-10-19,137.17074731693836,9.11,2.21
2019-10-20,142.66888664608646,9.2,4.59
2019-10-21,128.26088366744693,9.16,3.15
2019-10-22,137.2045908502639,9.24,2.97
2019-10-23,135.67552871446063,9.25,4.53
2019-10-24,140.22312399667845,9.3,5.28
2019-10-25,141.91041506424222,9.31,3.21
2019-10-26,138.83206874212433,9.26,2.24
2019-10-27,114.024051326726,8.84,12.61
2019-10-28,102.89826121164636,8.03,7.14
2019-10-29,108.72067255022908,8.48,5
2019-10-30,114.27688376007636,8.71,6.63
2019-10-31,118.49240990994309,8.82,4.31
2019-11-01,120.68727768352178,8.86,3.09
2019-11-02,122.48748822558397,8.85,2.79
2019-11-03,119.41900556772629,8.76,3.26
2019-11-04,116.53553625930005,8.65,2.78
2019-11-05,118.28543285004586,8.71,2.65
2019-11-06,120.47932238897118,8.77,2.97
2019-11-07,122.30464613224876,8.81,2.65
2019-11-08,122.59603121763433,8.83,2.9
2019-11-09,123.31422035347437,8.85,2.81
2019-11-10,123.34672052328975,8.84,2.93
2019-11-11,122.97647037134661,8.79,3
2019-11-12,120.35326102767863,8.69,3.43
2019-11-13,114.02166156420812,8.47,3.36
2019-11-14,105.49554767396178,8.13,3.44
2019-11-15,108.99183808086046,8.32,3.06
2019-11-16,106.19156160852779,8.18,3.55
2019-11-17,104.97812130427717,8.08,2.89
2019-11-18,106.20804075171333,8.04,2.96
2019-11-19,103.94266130906016,8.02,2.52
2019-11-20,97.63560151997065,7.8,4.09
2019-11-21,94.40540596407774,7.76,3.04
2019-11-22,97.70372216556676,7.85,2.47
2019-11-23,100.27129344963794,7.91,2.19
2019-11-24,100.32267342347178,7.93,2.24
2019-11-25,96.97841990877369,7.72,2.75
2019-11-26,95.19284942879315,7.68,2.7
2019-11-27,92.06985051801412,7.62,2.79
2019-11-28,90.42660302607983,7.57,2.58
2019-11-29,93.30445403225445,7.68,2.17
2019-11-30,94.85195445165759,7.63,3.12
2019-12-01,96.04249734644904,7.64,4.06
2019-12-02,96.20133591643913,7.66,2.25
2019-12-03,93.65814567895227,7.59,2.07
2019-12-04,90.02217976500957,7.48,1.86
2019-12-05,86.63090331592535,7.41,1.89
2019-12-06,89.03990948477221,7.45,1.58
2019-12-07,94.95814022711109,7.59,2.07
2019-12-08,93.99020546714252,7.58,2.13
2019-12-09,92.50401579156687,7.54,2.17
2019-12-10,89.12414803044169,7.47,2.99
2019-12-11,87.06635390173531,7.41,3.55
2019-12-12,88.62187999274784,7.44,3.1
2019-12-13,86.28638136343606,7.37,3.22
2019-12-14,92.55599547855215,7.51,2.46
2019-12-15,93.3539042575077,7.59,2.53
2019-12-16,88.65166735205534,7.49,2.88
2019-12-17,87.91454629974288,7.46,4.12
2019-12-18,86.20722226695241,7.5,4.17
2019-12-19,85.08420045165295,7.45,3.91
2019-12-20,83.77153023961552,7.43,3.95
2019-12-21,83.44410785186034,7.41,3.96
2019-12-22,84.72529228945892,7.44,3.73
2019-12-23,85.63320763090927,7.47,3.43
2019-12-24,86.12883209835486,7.47,3.72
2019-12-25,88.77985044400471,7.54,3.54
2019-12-26,91.68186700969162,7.6,3.56
2019-12-27,91.71364736937475,7.63,3.51
2019-12-28,90.39382385054148,7.59,3.5
2019-12-29,89.87864644827187,7.56,3.56
2019-12-30,91.60884459492996,7.6,3.7
2019-12-31,89.81442484589073,7.55,3.87
2020-01-01,89.20386040365901,7.53,4.1
2020-01-02,89.61152477747619,7.53,4.11
2020-01-03,87.85330203482893,7.5,4.27
2020-01-04,86.4301458093626,7.47,5.09
2020-01-05,92.78104530351608,7.6,4.75
2020-01-06,93.09801163307768,7.6,5.09
2020-01-07,89.84057496819389,7.52,5.33
2020-01-08,90.41939949722378,7.55,5.38
2020-01-09,92.08900100106911,7.59,5.33
2020-01-10,90.74596644335925,7.57,4.84
2020-01-11,96.24505686770374,7.69,4.23
2020-01-12,94.37531380765436,7.64,4.3
2020-01-13,93.23018387514391,7.6,4.48
2020-01-14,96.99172215368192,7.71,4.22
2020-01-15,94.04377487339866,7.64,4.52
2020-01-16,94.05982603131352,7.69,4.55
2020-01-17,92.44609624096714,7.67,4.34
2020-01-18,89.86474459817974,7.62,4.64
2020-01-19,90.6827811527967,7.61,5.04
2020-01-20,89.46881312569352,7.58,4.58
2020-01-21,91.83515978185918,7.63,4.57
2020-01-22,90.57033593021828,7.67,4.2
2020-01-23,90.52088770814721,7.53,3.24
2020-01-24,91.70977514645011,7.54,3.26
2020-01-25,91.72726599959844,7.53,3.56
2020-01-26,95.69438487569013,7.59,3.59
2020-01-27,98.47911046821658,7.69,3.36
2020-01-28,95.95757051669148,7.65,3.96
2020-01-29,99.16341697868916,7.76,4.21
2020-01-30,97.30663782971276,7.74,4.75
2020-01-31,97.73045188342242,7.73,5.86
2020-02-01,94.80815465305834,7.62,6.35
2020-02-02,96.35631284812844,7.69,5.58
2020-02-03,96.0633971789363,7.74,5.62
2020-02-04,97.22164643174462,7.82,5.07
2020-02-05,94.88508922943582,7.74,4.55
2020-02-06,95.85773244652334,7.73,4.59
2020-02-07,96.236126795471293,7.69,5.13
2020-02-08,96.58288337066988,7.68,5.65
2020-02-09,96.10220159476796,7.73,4.87
2020-02-10,97.7306652368141,7.83,4.22
2020-02-11,96.9776812017947,7.77,4.18
2020-02-12,96.39979791126126,7.72,3.94
2020-02-13,96.3480010442413,7.69,4.14
2020-02-14,95.5043107886439,7.7,3.56
2020-02-15,93.90032616954917,7.66,3.7
2020-02-16,96.71199821712253,7.72,3.41
2020-02-17,99.79973199245215,7.85,3.47
2020-02-18,98.1881471256142,7.8,3.62
2020-02-19,97.40912834889515,7.73,3.72
2020-02-20,97.46825078504942,7.71,3.69
2020-02-21,98.35788422966328,7.71,4.39
2020-02-22,98.86084924473741,7.7,4.68
2020-02-23,99.92369209139324,7.79,4.67
2020-02-24,103.70591753137836,7.89,5.72
2020-02-25,108.76529662952832,8.09,5.19
2020-02-26,113.95888149872542,8.16,NA
2020-02-27,115.62489933567517,8.06,6.44
2020-02-28,115.52484092902995,8,6.56
2020-02-29,107.8373017723691,7.97,6.57
2020-03-01,100.18803590949621,7.93,5.2
2020-03-02,97.7141214345453,7.9,6.66
2020-03-03,97.33195409673885,7.81,5.68
2020-03-04,99.58853197378458,7.83,5.48
2020-03-05,101.62951071894524,7.84,5.54
2020-03-06,101.67676078059012,7.88,5.31
2020-03-07,97.45514256002437,7.85,5.37
2020-03-08,97.85059051053815,7.85,5.46
2020-03-09,100.83894047657623,7.87,4.97
2020-03-10,102.61348427547392,7.93,4.68
2020-03-11,106.676757318131,7.94,4.24
2020-03-12,107.67109500833318,8.01,3.79
2020-03-13,107.57152146587595,8.09,3.21
2020-03-14,98.30922887249348,7.91,4.07
2020-03-15,98.47248034768427,7.96,3.69
2020-03-16,96.91682666710506,7.97,3.62
2020-03-17,100.9539787584488,8.05,3.03
2020-03-18,100.42785510047536,8,3.76
2020-03-19,106.06307771750502,8.02,3.37
2020-03-20,108.72068965993442,7.98,3.36
2020-03-21,111.11527064507425,8.07,3.56
2020-03-22,112.33600412630429,8.06,3.97
2020-03-23,106.74207905787733,8.01,3.37
2020-03-24,103.40829183752935,7.97,3.75
2020-03-25,105.97561569598068,8.08,3.32
2020-03-26,106.82054602478004,8.24,3.12
2020-03-27,110.58332428007654,8.4,3.11
2020-03-28,108.77105602193579,8.4,3.37
2020-03-29,113.08157807576802,8.46,2.73
2020-03-30,117.97371849670837,8.57,2.35
2020-03-31,114.64701288825117,8.53,7.41
2020-04-01,109.55886278795634,8.42,2.53
2020-04-02,106.61187375171653,8.39,2.86
2020-04-03,113.47463355179389,8.54,2.52
2020-04-04,104.7752578165901,8.37,8.88
2020-04-05,99.72225753820166,8.23,7.65
2020-04-06,102.02726567379474,8.31,7.26
2020-04-07,113.03784558880604,8.48,3.95
2020-04-08,109.9468753745299,8.44,6.21
2020-04-09,108.70500309228233,8.36,4.09
2020-04-10,116.51410453848837,8.47,3.03
2020-04-11,116.36548771910252,8.52,5.21
2020-04-12,117.89510459211223,8.56,2.93
2020-04-13,122.22078359429808,8.64,2.64
2020-04-14,122.31760981474713,8.75,2.7
2020-04-15,129.8762982416217,8.85,4.21
2020-04-16,124.34944915368888,8.78,3.6
2020-04-17,108.9296899112667,8.27,3.53
2020-04-18,111.54790691563736,8.44,3.23
2020-04-19,116.62089108414477,8.55,3.3
2020-04-20,111.94963248961321,8.51,3.31
2020-04-21,117.82586739054625,8.61,2.71
2020-04-22,124.4130550358143,8.71,2.44
2020-04-23,124.090544058576,8.67,2.63
2020-04-24,127.88701467278165,8.72,2.35
2020-04-25,132.06930658379136,8.87,2.35
2020-04-26,128.74056908279462,8.91,2.28
2020-04-27,124.45050257252642,8.81,2.35
2020-04-28,129.17069365111584,8.86,2.38
2020-04-29,124.55347639452039,8.84,2.94
2020-04-30,106.59792884181904,8.32,6.83
2020-05-01,113.02116956374712,8.5,3.99
2020-05-02,112.44964522045451,8.52,3.61
2020-05-03,124.6777238319614,8.79,3.78
2020-05-04,132.24839308933974,8.9,3.08
2020-05-05,117.01463671111931,8.71,4.22
2020-05-06,111.6515625209129,8.61,3.11
2020-05-07,123.02456826979868,8.78,3.74
2020-05-08,135.89744118086168,8.9,4.94
2020-05-09,136.23168074587613,NA,4.82
2020-05-10,112.1928943383078,NA,4.22
2020-05-11,111.83261691006751,NA,4.64
2020-05-12,113.45952600613529,NA,4.77
2020-05-13,118.24775978771544,NA,5.56
2020-05-14,126.4901714928914,8.91,4.44
2020-05-15,142.29004819671704,9.14,2.94
2020-05-16,127.5588543909433,9.03,2.95
2020-05-17,116.59262906273533,8.82,3.33
2020-05-18,125.2329956242536,9,2.69
2020-05-19,133.40024224956943,9.24,2.24
2020-05-20,152.13332771435694,9.37,2.28
2020-05-21,147.2186368205427,9.33,2.24
2020-05-22,143.35045631034404,9.37,2.36
2020-05-23,149.37877890956872,9.43,2.3
2020-05-24,160.45784702661226,9.53,2.64
2020-05-25,177.94777267704515,9.6,3.75
2020-05-26,188.6205770122554,9.62,4.12
2020-05-27,181.2764820395169,9.6,3.47
2020-05-28,154.84850868316232,9.57,2.64
2020-05-29,114.90586384379344,9.15,2.94
2020-05-30,107.21107359483399,8.82,3.04
2020-05-31,135.64211878397856,9.15,2.59
2020-06-01,159.8268132394591,9.43,2.29
2020-06-02,172.78222887201397,9.57,2.42
2020-06-03,181.52921584792517,9.66,2.71
2020-06-04,181.33982310535893,9.66,3.42
2020-06-05,156.41133078482488,9.58,3.26
2020-06-06,137.62007259613293,9.48,2.89
2020-06-07,128.0367828859481,9.17,2.65
2020-06-08,144.89973136598556,9.41,2.25
2020-06-09,169.40885746380948,9.62,2.18
2020-06-10,175.1578848110304,9.71,2.25
2020-06-11,159.14780931915246,9.69,2.18
2020-06-12,133.09707029912306,9.63,2.11
2020-06-13,138.47474132293934,9.6,2.02
2020-06-14,149.59439495424553,9.6,1.73
2020-06-15,136.76762601841074,9.45,1.65
2020-06-16,161.04926015829355,9.56,1.67
2020-06-17,154.1800468811874,9.77,1.82
2020-06-18,178.6573279660571,9.85,1.82
2020-06-19,157.8710712464481,9.72,1.8
2020-06-20,138.51760493147444,9.29,1.69
2020-06-21,156.87082750859415,9.34,1.73
2020-06-22,168.86210555875937,9.43,1.67
2020-06-23,151.88253853413602,9.43,1.94
2020-06-24,153.43792620551463,9.36,1.76
2020-06-25,153.94979655089313,9.29,1.87
2020-06-26,138.22545706867135,9.24,1.77
2020-06-27,137.97091199491115,9.14,1.6
2020-06-28,150.23362142018283,9.33,1.74
2020-06-29,142.2253451427939,9.41,1.54
2020-06-30,159.55471227397172,9.57,1.85
2020-07-01,164.37015464473893,9.54,1.51
2020-07-02,142.6283233253288,9.45,1.93
2020-07-03,146.41143572841585,9.09,1.84
2020-07-04,172.98572350773202,9.32,1.62
2020-07-05,166.3332971468243,9.47,1.56
2020-07-06,150.28927855259022,9.41,1.29
2020-07-07,165.05640840062776,9.46,1.49
2020-07-08,170.5590856610276,9.55,1.5
2020-07-09,179.18872814539438,9.62,1.45
2020-07-10,170.70830588718903,9.64,1.5
2020-07-11,178.3258301217607,9.65,1.5
2020-07-12,178.78467889326245,9.65,1.1
2020-07-13,165.79853190460503,9.55,1.26
2020-07-14,162.5516737957934,9.54,1.23
2020-07-15,155.7003824283346,9.28,1.24
2020-07-16,136.31586411672495,8.92,1.54
2020-07-17,144.653291203224,9.04,1.37
2020-07-18,151.51638263113162,9.11,1.56
2020-07-19,135.18374087230117,8.82,1.56
2020-07-20,138.6392118710871,8.89,1.44
2020-07-21,140.3504373957555,9.01,1.46
2020-07-22,144.2460832820225,9.05,1.39
2020-07-23,148.00440858158584,9.11,1.27
2020-07-24,152.31053735369522,9.27,1.51
2020-07-25,153.86048057646408,9.32,1.12
2020-07-26,141.05448309324973,9.08,1.18
2020-07-27,138.5932193622771,9.12,1.49
2020-07-28,140.48463184597802,9.15,1.44
2020-07-29,144.58548925743435,9.17,1.53
2020-07-30,144.0082172138003,9.13,1.12
2020-07-31,146.1074564690292,9.1,1.24
2020-08-01,164.39485609512138,9.24,0.9
2020-08-02,165.87613523823933,9.31,1.1
2020-08-03,156.43388135670645,9.33,1.07
2020-08-04,163.43126240057993,9.36,1.07
2020-08-05,159.96756999000254,9.38,0.95
2020-08-06,155.60699943043664,9.41,1.05
2020-08-07,166.12151609218634,9.43,0.99
2020-08-08,162.57867978230894,9.41,1.14
2020-08-09,162.29855703966933,9.32,1.13
2020-08-10,147.43748783636602,9.11,1.13
2020-08-11,144.80400719139232,9.09,0.91
2020-08-12,165.75310160927935,9.12,1.02
2020-08-13,195.61939422508274,9.36,1.17
2020-08-14,207.1738370731425,9.42,0.87
2020-08-15,219.13961845037596,9.44,1.1
2020-08-16,170.00575739404397,9.39,0.93
2020-08-17,148.09963870525812,9.28,1.03
2020-08-18,147.51721077382751,9.11,1.51
2020-08-19,121.67811510695468,8.81,2.3
2020-08-20,128.64249712807566,8.6,1.88
2020-08-21,146.20459406167922,8.84,1.41
2020-08-22,149.69782912063835,8.96,1.33
2020-08-23,152.7252810697171,8.98,1.83
2020-08-24,149.26100702797004,8.89,1.77
2020-08-25,153.11134323906415,8.98,1.7
2020-08-26,151.63151762534483,9.07,1.49
2020-08-27,174.43029381397812,9.15,1.91
2020-08-28,162.38025020187578,9.14,1.56
2020-08-29,153.6556260731681,9.1,2.7
2020-08-30,156.06325267942142,9.01,1.83
2020-08-31,160.7751459367373,9.19,2.41
2020-09-01,139.5418495547817,8.98,4.59
2020-09-02,148.65242977904808,9.03,3.82
2020-09-03,148.40618340011397,9.07,4.04
2020-09-04,150.8006056174471,9.13,3.35
2020-09-05,164.62920990260764,9.23,3.27
2020-09-06,178.57178640007857,9.3,2.63
2020-09-07,188.37160695932843,9.35,2.52
2020-09-08,139.57517679709179,9.14,2.77
2020-09-09,90.67595758029043,8.59,3.1
2020-09-10,102.68704966244687,8.62,2.34
2020-09-11,139.88048355536748,8.95,2.4
2020-09-12,152.9556910912281,9.04,2.47
2020-09-13,144.58110476527116,8.95,2.55
2020-09-14,151.57615016089366,9.03,3.18
2020-09-15,151.1610990686685,9.04,2.95
2020-09-16,148.611046927143,9.08,2.98
2020-09-17,153.69554943885922,9.11,3.75
2020-09-18,139.99008889846655,9.08,3.18
2020-09-19,148.83823177827927,9.05,3.63
2020-09-20,161.0942087197269,9.1,2.83
2020-09-21,159.72791919747692,9.11,2.96
2020-09-22,156.7251685440321,9.16,2.19
2020-09-23,148.10978437720317,9.24,2.19
2020-09-24,141.64554744672228,9.06,2.9
2020-09-25,153.65698644054214,9.13,3.16
2020-09-26,152.64274619623842,9.07,3.4
2020-09-27,154.90487862827396,9.19,2.34
2020-09-28,158.08522642071023,9.15,2.75
2020-09-29,155.54905806307494,9.11,1.91
2020-09-30,141.57012952469924,9,2.06
2020-10-01,136.1963527038618,9,2.79
2020-10-02,141.65856071479524,8.96,1.96
2020-10-03,139.7667354390304,8.91,2.17
2020-10-04,146.7224416149483,8.97,2.14
2020-10-05,144.7804569472511,8.95,2.46
2020-10-06,146.40890675499023,8.94,2.14
2020-10-07,121.96354007543921,8.66,2.35
2020-10-08,116.76724492621955,8.59,2.55
2020-10-09,126.7277930027055,8.72,4.61
2020-10-10,114.69572883782864,8.55,3.51
2020-10-11,121.31723494178806,8.74,3.84
2020-10-12,127.61516717956299,8.86,1.82
2020-10-13,138.38039211504207,8.97,2.61
2020-10-14,132.10813614331124,9.03,3.22
2020-10-15,134.11457123057568,9.04,1.59
2020-10-16,132.9722081152999,8.99,3.44
2020-10-17,131.87747613713486,8.87,1.93
2020-10-18,130.07742753218946,8.81,2.1
2020-10-19,124.26899497752615,8.67,2.13
2020-10-20,119.13811395352303,8.57,2.95
2020-10-21,115.11632959229607,8.47,2.67
2020-10-22,106.5040601689902,8.31,4.3
2020-10-23,107.65371667801347,8.38,3.25
2020-10-24,109.16684739432603,8.4,3.17
2020-10-25,107.19914303324722,8.43,2.55
2020-10-26,108.37562283685,8.41,4.76
2020-10-27,117.12220635788917,8.58,4.08
2020-10-28,123.37756065170491,8.68,4.21
2020-10-29,125.60636671150611,8.72,4.01
2020-10-30,127.905552709706,8.75,3.92
2020-10-31,127.27037241909606,8.73,3.87
2020-11-01,125.19523641047464,8.68,3.85
2020-11-02,122.46609864052427,8.62,3.62
2020-11-03,117.74162259192539,8.53,3.49
2020-11-04,112.52138054321053,8.43,3.24
2020-11-05,108.49342412707736,8.24,3.4
2020-11-06,102.91991611606393,8.12,4.24
2020-11-07,96.38733106512505,7.96,4.45
2020-11-08,99.33880509511084,8,4.76
2020-11-09,101.7348528867904,8.09,4.86
2020-11-10,105.5584126061297,8.22,4.73
2020-11-11,104.05484121358239,8.17,5.8
2020-11-12,105.93632628627758,8.21,5.8
2020-11-13,102.92167956819085,8.11,5.42
2020-11-14,105.32568889153306,8.13,5.69
2020-11-15,110.44640761028685,8.25,4.6
2020-11-16,111.42511544964103,8.23,4.32
2020-11-17,98.41886773985863,7.86,3.63
2020-11-18,101.28059654672272,7.94,3.54
2020-11-19,98.16673214959522,7.86,3.5
2020-11-20,96.67937023374941,7.82,3.79
2020-11-21,95.43943433205,7.8,3.78
2020-11-22,93.073591729247,7.75,3.56
2020-11-23,93.67001969754483,7.76,3.74
2020-11-24,95.86195980869356,7.8,3.83
2020-11-25,96.7007025335264,7.83,3.77
2020-11-26,99.01581895147802,7.89,4.21
2020-11-27,95.89719866850453,7.82,3.78
2020-11-28,98.249189174278,7.89,3.58
2020-11-29,98.57105000007176,7.87,3.47
2020-11-30,98.26671857540282,7.85,3.74
2020-12-01,100.77003882630484,7.86,3.71
2020-12-02,100.36351077021007,7.84,3.52
2020-12-03,97.88295637590252,7.79,3.64
2020-12-04,97.36856651007068,7.8,3.78
2020-12-05,98.34856036259684,7.81,3.73
2020-12-06,100.61409077340058,7.88,3.5
2020-12-07,101.48146863210921,7.92,3.75
2020-12-08,100.92432792761497,7.91,3.42
2020-12-09,100.8664484170294,7.99,3.13
2020-12-10,100.53248468808637,8.01,3.43
2020-12-11,96.36901332006896,7.91,3.08
2020-12-12,95.65362673942353,7.89,3.51
2020-12-13,94.96493244155002,7.86,3.52
2020-12-14,96.03810122509584,7.9,3.22
2020-12-15,93.41802730924358,7.82,3.44
2020-12-16,91.89841898232129,7.74,3.6
2020-12-17,94.83411331272855,7.78,3.34
2020-12-18,93.34994005915284,7.75,3.53
2020-12-19,91.47132908009812,7.74,3.9
2020-12-20,87.01014807093284,7.62,4.05
2020-12-21,86.03372289354249,7.59,4.67
2020-12-22,85.36378874949193,7.62,4.12
2020-12-23,86.16937515073768,7.61,4.06
2020-12-24,85.1061010796013,7.6,4.16
2020-12-25,87.17881172885217,7.63,4.12
2020-12-26,88.00171271704833,7.64,4.14
2020-12-27,87.31204726913131,7.62,3.88
2020-12-28,89.12970756421906,7.65,4.03
2020-12-29,90.28335903813843,7.66,4.08
2020-12-30,90.96155154655908,7.67,3.96
2020-12-31,92.77520629093908,7.71,4.73
2021-01-01,91.49862856364427,7.68,4.45
2021-01-02,90.04557175618345,7.64,5.48
2021-01-03,89.25295779283118,7.62,5.23
2021-01-04,92.21344417073719,7.7,5.4
2021-01-05,89.88774038543137,7.67,5.71
2021-01-06,86.66213978185172,7.6,5.6
2021-01-07,87.65885185912359,7.59,5.51
2021-01-08,88.23889418816437,7.61,5.56
2021-01-09,89.40680345379698,7.63,5.73
2021-01-10,90.21189636619677,7.66,5.79
2021-01-11,90.71252546948033,7.66,5.55
2021-01-12,90.16514206764683,7.65,5.47
2021-01-13,91.04096805964694,7.65,4.93
2021-01-14,91.11409713512147,7.64,4.89
2021-01-15,90.83919029377621,7.64,5.11
2021-01-16,91.82610416262384,7.65,5.08
2021-01-17,91.25028983319497,7.63,5.23
2021-01-18,93.44394506813747,7.76,5.91
2021-01-19,95.36323524345262,7.88,5.36
2021-01-20,92.96577176002701,7.83,5.4
2021-01-21,91.2622983965296,7.77,5.6
2021-01-22,93.5119601109937,7.81,5.72
2021-01-23,92.77278459641222,7.78,6.11
2021-01-24,92.83893343312693,7.79,6.16
2021-01-25,95.55234390197394,7.89,5.48
2021-01-26,94.98303717497083,7.91,7.56
2021-01-27,93.682545532264,7.85,8.25
2021-01-28,94.63728173457115,7.87,5.65
2021-01-29,93.10473253809683,7.85,5.11
2021-01-30,92.08659963266538,7.78,4.7
2021-01-31,91.71789958962628,7.74,4.55
2021-02-01,91.71395367030807,7.73,4.81
2021-02-02,90.5125032509969,7.7,4.86
2021-02-03,92.6332485249054,7.75,5
2021-02-04,94.56342709710844,7.8,5.52
2021-02-05,92.49346236659484,7.76,5.47
2021-02-06,91.16125561332763,7.7,5.59
2021-02-07,90.75067402857903,7.67,5.87
2021-02-08,90.46834707272147,7.65,5.9
2021-02-09,90.78520306424443,7.65,6.75
2021-02-10,93.6632193496034,7.73,6.66
2021-02-11,91.88323195237163,7.71,7.22
2021-02-12,94.70502642813635,7.78,5.81
2021-02-13,95.92372733021803,7.81,5.71
2021-02-14,95.82720485367965,7.88,5.71
2021-02-15,95.48983874278512,7.86,5.82
2021-02-16,97.05382910226264,7.89,5.92
2021-02-17,96.56659363142856,7.91,7.15
2021-02-18,95.45208450536083,7.88,7.39
2021-02-19,94.0888010503519,7.83,7.57
2021-02-20,97.00629412397656,7.86,7.48
2021-02-21,98.49997720099603,7.91,8.07
2021-02-22,96.41477195717462,7.86,7.13
2021-02-23,97.07688637991954,7.82,8.01
2021-02-24,97.47689111875263,7.84,7.4
2021-02-25,96.71978966552153,7.89,7.68
2021-02-26,96.54177624489017,7.86,7.34
2021-02-27,98.12396854543898,7.95,7.29
2021-02-28,97.8429652523399,7.95,6.78
2021-03-01,97.1495103517705,7.88,6.5
2021-03-02,97.72988639884466,7.87,6.53
2021-03-03,96.41242960785003,7.84,6.95
2021-03-04,97.11402195481239,7.85,7.23
2021-03-05,98.10477502945841,7.85,7.32
2021-03-06,97.41755387093785,7.88,7.24
2021-03-07,99.09951012476851,7.93,7.52
2021-03-08,98.93180665078151,7.95,8.42
2021-03-09,97.39708392587858,7.95,10.46
2021-03-10,96.71614521062853,7.95,9.24
2021-03-11,98.42231667548386,7.97,8.6
2021-03-12,99.77572954437576,7.97,8.16
2021-03-13,100.45627148146752,7.98,7.92
2021-03-14,99.21000275678499,7.99,7.98
2021-03-15,99.17286789550879,8.01,7.82
2021-03-16,100.17229497268198,8,7.73
2021-03-17,98.29678468565052,7.96,7.48
2021-03-18,96.62750336505746,7.93,8.66
2021-03-19,96.15811725239395,7.88,8.52
2021-03-20,100.04858970535582,7.97,7.09
2021-03-21,102.52213153638196,8.06,6.57
2021-03-22,102.16414918392331,8.05,6.94
2021-03-23,100.01076317241524,7.92,8.39
2021-03-24,97.6467021259435,7.97,7.73
2021-03-25,101.64545544482431,8.06,7.79
2021-03-26,103.71204879027943,8.14,8.47
2021-03-27,104.9098987414109,8.07,8.28
2021-03-28,107.9723706418567,8.05,7.83
2021-03-29,109.68777538420244,8.18,7.18
2021-03-30,107.95219248743922,8.23,7.01
2021-03-31,111.69337973121468,8.24,6.81
2021-04-01,111.63580950454288,8.18,6.57
2021-04-02,107.70194289290676,8.15,8.32
2021-04-03,100.35816691159263,8.08,5.63
2021-04-04,102.18863568819232,8.18,5.58
2021-04-05,104.34152799128348,8.22,5.48
2021-04-06,105.74259771285801,8.24,12.25
2021-04-07,105.91535417209121,8.2,14.41
2021-04-08,109.44546901933026,8.28,5.8
2021-04-09,109.8916075318008,8.31,6.05
2021-04-10,112.86535195523184,8.35,5.62
2021-04-11,114.39588842327544,8.36,4.94
2021-04-12,113.71683721866259,8.35,4.91
2021-04-13,112.46389667297147,8.38,5.29
2021-04-14,113.78387236243015,8.44,8.86
2021-04-15,114.15722423748366,8.45,4.87
2021-04-16,110.87377869238615,8.41,4.72
2021-04-17,109.60071522378212,8.41,4.55
2021-04-18,114.19900502482557,8.51,5.39
2021-04-19,113.28085702636707,8.55,6.59
2021-04-20,112.24492256273405,8.5,7.18
2021-04-21,112.19630961121342,8.53,7.66
2021-04-22,107.62901134575826,8.31,10.52
2021-04-23,111.44389471428457,8.45,11.34
2021-04-24,105.56273178932007,8.37,5.75
2021-04-25,103.28575860736538,8.33,5.86
2021-04-26,113.048171821699,8.45,7.35
2021-04-27,119.53059212540893,8.61,4.05
2021-04-28,122.73193165798119,8.7,4.44
2021-04-29,131.03582293247183,8.78,4.76
2021-04-30,123.95844166502792,8.72,4.66
2021-05-01,117.6314440068859,8.76,5.04
2021-05-02,105.16553184013166,8.4,5.22
2021-05-03,106.37124458658438,8.4,4.77
2021-05-04,117.89523567187584,8.61,5.21
2021-05-05,126.76118552864651,8.74,5.23
2021-05-06,109.65738727355429,8.39,4.76
2021-05-07,118.59024225688508,8.57,5.17
2021-05-08,117.80436487861667,8.71,7.14
2021-05-09,124.061778155492,8.79,5.46
2021-05-10,122.33910144516959,8.88,5.34
2021-05-11,131.41872762837497,8.91,15.14
2021-05-12,123.76506324532184,8.79,8.44
2021-05-13,114.73422940743743,8.61,22.4
2021-05-14,117.62803672542606,8.75,15.22
2021-05-15,136.45384259345053,8.99,23.91
2021-05-16,123.31446992946904,8.93,22.8
2021-05-17,105.27194083166857,8.54,11.5
2021-05-18,108.99060441136763,8.65,9.83
2021-05-19,110.15445957626508,8.62,18.2
2021-05-20,99.38912465978433,8.25,6.7
2021-05-21,99.96628235925361,8.19,4.51
2021-05-22,107.72322001403573,8.34,5.62
2021-05-23,112.15564502560112,8.43,6.86
2021-05-24,108.94350856267235,8.37,5.48
2021-05-25,109.09915821708904,8.31,6.2
2021-05-26,112.03640109295941,8.26,7.53
2021-05-27,118.45676712449449,8.46,7.14
2021-05-28,117.00538365819837,8.45,7.5
2021-05-29,114.97135853583443,8.42,8.08
2021-05-30,122.96432387155727,8.6,8.95
2021-05-31,127.0810379058003,8.64,11.39
2021-06-01,125.49657548309818,8.64,15.57
2021-06-02,116.87786108295542,8.52,11.21
2021-06-03,127.85506419671968,8.66,11.81
2021-06-04,127.83563352680558,8.75,18.47
2021-06-05,140.3396742334792,8.93,12.79
2021-06-06,128.85299065859485,8.87,13.82
2021-06-07,126.34690300390494,8.83,7.26
2021-06-08,120.37188718633413,8.75,9.51
2021-06-09,119.09500503164941,8.73,10.11
2021-06-10,128.00598959161945,8.78,6.52
2021-06-11,125.40929916219909,8.84,6.59
2021-06-12,127.37896922242741,8.82,5.04
2021-06-13,119.05142076301215,8.69,5.86
2021-06-14,121.19778170050053,8.79,4.88
2021-06-15,122.60817980300058,8.84,4.9
2021-06-16,136.40668779840937,8.91,4.34
2021-06-17,145.38910963670077,9.07,3.89
2021-06-18,149.70985330093038,9.1,2.39
2021-06-19,135.35278690554753,9.08,2.01
2021-06-20,127.58931185245407,9.13,4.71
2021-06-21,106.22516233497932,9.02,4.87
2021-06-22,NA,8.51,4.09
2021-06-23,NA,8.79,2.78
2021-06-24,NA,8.94,2.58
2021-06-25,NA,9.09,2.53
2021-06-26,NA,9.12,3.78
2021-06-27,NA,9.15,2.9
2021-06-28,NA,9.07,3.67
2021-06-29,NA,8.99,4.21
2021-06-30,NA,9.07,4.2
2021-07-01,NA,9.21,3
2021-07-02,NA,9.33,2.43
2021-07-03,NA,9.23,2.85
2021-07-04,NA,9.06,1.88
2021-07-05,NA,8.97,1.95
2021-07-06,NA,9.09,2.21
2021-07-07,133.900426429899,9.35,2.26
2021-07-08,147.26196445272066,9.46,1.96
2021-07-09,159.42023752009814,9.5,1.64
2021-07-10,151.04908721831504,9.58,1.9
2021-07-11,153.46534559594764,9.74,2.07
2021-07-12,NA,9.74,1.8
2021-07-13,NA,9.75,1.6
2021-07-14,NA,9.49,1.05
2021-07-15,NA,9.38,1.07
2021-07-16,NA,9.49,1.11
2021-07-17,151.9576704835723,9.65,1.34
2021-07-18,199.90044274538715,9.93,2.69
2021-07-19,192.8973144711809,9.94,1.69
2021-07-20,157.19155453138973,9.87,1.94
2021-07-21,167.28021521851431,9.94,1.99
2021-07-22,186.75116384691447,10.05,2.46
2021-07-23,202.72798553778654,10.2,3.49
2021-07-24,184.60317988690377,10.24,2.86
2021-07-25,151.76632277062618,9.96,2.43
2021-07-26,161.23368630882158,9.93,2.87
2021-07-27,207.0810821783177,10.23,5.19
2021-07-28,212.1765659953637,10.38,4.45
2021-07-29,180.18648050342856,10.24,3.23
2021-07-30,173.0596972907588,10,3.2
2021-07-31,155.03953283427268,9.69,5.14
2021-08-01,153.7739647836422,9.61,3.98
2021-08-02,166.14088123220236,9.68,3.29
2021-08-03,182.0018199535811,9.79,3.58
2021-08-04,166.91066540071267,9.89,2.8
2021-08-05,170.97764917583265,9.82,3.63
2021-08-06,175.84949195022386,10.16,2.28
2021-08-07,201.6662385428896,10.36,4.11
2021-08-08,185.80720845034017,10.26,3.08
2021-08-09,190.34804605884173,10.37,3.76
2021-08-10,183.0725039728332,10.26,3.24
2021-08-11,158.72123300035128,10.04,2.68
2021-08-12,155.67542307237215,9.94,4.35
2021-08-13,156.17652317741556,9.83,2.62
2021-08-14,167.21369269502802,10.08,2.53
2021-08-15,181.7185854289614,10.19,2.4
2021-08-16,201.1110885614092,10.43,4.92
2021-08-17,203.5168697279056,10.5,2.94
2021-08-18,171.7011791552708,10.36,2.73
2021-08-19,167.1456161966471,9.87,3.91
2021-08-20,162.09051391161807,9.89,3.18
2021-08-21,159.6039089441287,9.69,2.95
2021-08-22,174.40892219067354,9.89,1.89
2021-08-23,167.2172404272375,9.79,2.32
2021-08-24,168.49647976316135,9.85,2.76
2021-08-25,166.94364003207264,9.93,2.17
2021-08-26,197.3297049686949,10.13,5.36
2021-08-27,204.39977204942844,10.3,3.15
2021-08-28,203.11376175643687,10.4,6.02
2021-08-29,190.53799362191432,10.41,2.39
2021-08-30,159.01595348221173,10.44,3.47
2021-08-31,168.87694876723097,10.55,6.22
2021-09-01,183.9449339611105,10.47,3.39
2021-09-02,203.9571864471228,9.95,3.28
2021-09-03,202.56044704155477,9.91,2.57
2021-09-04,220.52781007691803,10.09,1.64
2021-09-05,171.27256967958763,10.12,5.69
2021-09-06,171.59702174240792,10.39,2.59
2021-09-07,165.62288159686284,10.51,3.46
2021-09-08,149.76980668570175,10.56,2.98
2021-09-09,141.35046216476658,10.58,4.99
2021-09-10,138.6955318766327,10.5,4.57
2021-09-11,144.54325588916933,10.35,2.71
2021-09-12,145.95152376771176,10.36,5.05
2021-09-13,138.4159963798482,10.45,4.16
2021-09-14,143.56291538092162,10.49,5.76
2021-09-15,160.46991377173194,10.25,5.78
2021-09-16,163.06525767036416,9.75,2.62
2021-09-17,169.6115620708183,9.73,1.32
2021-09-18,143.6263409624149,9.49,0.79
2021-09-19,142.08521908213865,9.73,3.94
2021-09-20,136.6222425764429,9.72,2.79
2021-09-21,169.09308244971297,9.87,1.95
2021-09-22,175.36652511231182,9.99,1.8
2021-09-23,165.75629726405785,10.33,1.27
2021-09-24,153.74420199210564,10.25,3.96
2021-09-25,139.86527113556585,10.2,0.74
2021-09-26,172.9570911275662,9.52,0.97
2021-09-27,154.1381811794712,9.29,1.12
2021-09-28,148.45344349883513,9.47,2.23
2021-09-29,101.28650736343484,8.81,0.83
2021-09-30,115.27152697495097,9.24,1.09
2021-10-01,150.31010546798618,9.58,1.79
2021-10-02,170.80144150610246,9.84,1.39
2021-10-03,185.13241712989927,9.96,1.63
2021-10-04,189.6691527463743,10,2.22
2021-10-05,177.7812800861864,10.14,5.83
2021-10-06,121.47096487005882,9.41,2.75
2021-10-07,124.8417988015219,9.31,2.42
2021-10-08,114.93261943842793,9.16,2.22
2021-10-09,147.60589375711402,9.51,2.16
2021-10-10,150.91379893929022,9.66,2.91
2021-10-11,128.84213420175857,9.41,7
2021-10-12,118.33374322797272,8.84,3.85
2021-10-13,121.74661965639035,8.91,4.58
2021-10-14,123.94605823458424,8.9,6.29
2021-10-15,154.30122553023665,9.24,4.59
2021-10-16,178.1965809154024,9.48,3.68
2021-10-17,165.9729876950516,9.47,18.95
2021-10-18,NA,NA,6.11
2021-10-19,NA,NA,5.42
2021-10-20,NA,NA,4.59
2021-10-21,NA,NA,3.25
2021-10-22,NA,NA,6.77
2021-10-23,NA,NA,3.58
2021-10-24,94.81578855850789,8.04,3.91
2021-10-25,96.94980773371844,7.97,2.51
2021-10-26,107.06969553276544,8.13,2.98
2021-10-27,113.84162322669708,8.35,3.51
2021-10-28,123.20422072837015,8.55,3.62
2021-10-29,122.44564319424904,8.47,3.48
2021-10-30,104.59114619991074,8.05,5.16
2021-10-31,100.46691787999191,7.91,6.07
2021-11-01,93.58849191558079,7.77,5.31
2021-11-02,94.4019617388725,7.75,3.85
2021-11-03,95.5189108882913,7.75,2.91
2021-11-04,96.89981558302506,7.79,3.13
2021-11-05,102.52307777471201,7.94,5.44
2021-11-06,99.65196029568955,7.88,4.87
2021-11-07,102.45407297765139,7.92,3.92
2021-11-08,105.51159620427124,8.01,2.84
2021-11-09,103.4690088001351,8.06,5.04
2021-11-10,107.2207643441481,8.1,4.31
2021-11-11,110.7275239033489,8.18,4.73
2021-11-12,96.67924058806248,7.79,4.28
2021-11-13,90.29327239313457,7.61,5.38
2021-11-14,83.46872074882677,7.48,4
2021-11-15,74.89321261035403,7.36,4.12
2021-11-16,72.0578503879203,7.35,3.75
2021-11-17,73.35397903410083,7.35,5.05
2021-11-18,72.39315000270899,7.33,5.16
2021-11-19,76.59444454133421,7.38,4.48
2021-11-20,78.8841407784367,7.43,4.24
2021-11-21,82.54269405919685,7.49,5.54
2021-11-22,84.55280699600598,7.51,6.43
2021-11-23,83.91658456857999,7.69,6.32
2021-11-24,89.31033619096257,7.78,8.92
2021-11-25,93.94147459663156,7.9,6.2
2021-11-26,93.91005377034516,7.89,5.73
2021-11-27,95.11651782702984,7.92,4.93
2021-11-28,95.0496809535815,7.9,5.8
2021-11-29,93.21470198545644,7.85,4.59
2021-11-30,93.46160231216062,7.84,4.92
2021-12-01,92.60374329425568,7.81,3.81
2021-12-02,90.85725593885316,7.78,3.94
2021-12-03,89.32726074282445,7.75,5.44
2021-12-04,87.44603746153699,7.75,7.96
2021-12-05,87.44573248794183,7.75,5.44
2021-12-06,85.84956758781026,7.73,4.14
2021-12-07,82.6949345429145,7.67,3.68
2021-12-08,82.1980655349952,7.65,3.37
2021-12-09,84.84387804654942,7.71,4.12
2021-12-10,88.15565775676446,7.79,4.51
2021-12-11,86.5046386237518,7.78,4.52
2021-12-12,92.62803767480219,7.89,4.11
2021-12-13,94.27483657648268,7.94,3.63
2021-12-14,93.68449470997913,7.97,3.37
2021-12-15,95.9536179222469,7.97,4.02
2021-12-16,95.66681355805834,7.85,4.01
2021-12-17,94.77912339346305,7.83,3.56
2021-12-18,93.02913981145609,7.8,3.82
2021-12-19,90.41348323150598,7.74,3.85
2021-12-20,87.46292985504459,7.68,3.94
2021-12-21,86.92927657462178,7.64,3.61
2021-12-22,86.74716317449062,7.56,3.14
2021-12-23,89.56072066092854,7.6,3.12
2021-12-24,91.02158956760366,7.67,3.58
2021-12-25,92.4671035937517,7.7,3.28
2021-12-26,92.07957845971796,7.71,3.48
2021-12-27,93.01449841545487,7.72,3.69
2021-12-28,92.90096521178974,7.74,3.66
2021-12-29,92.82536026871003,7.67,3.37
2021-12-30,92.70943481985876,7.69,3.55
2021-12-31,91.24146861197784,7.65,3.3
